source,target
Ciri,Geralt
Ciri,Geralt
Ciri,Geralt
Ciri,Geralt
Geralt,Yennefer
Geralt,Yennefer
Yennefer,Cirilla
Geralt,Yennefer
Yennefer,Cirilla
Geralt,Yennefer
Yennefer,Cirilla
Geralt,Yennefer
Yennefer,Cirilla
Geralt,Yennefer
Yennefer,Cirilla
Geralt,Yennefer
Geralt,Yennefer
Sheldon Skaggs,Donimir
Sheldon Skaggs,Donimir
Sheldon Skaggs,Donimir
Sheldon Skaggs,Donimir
Geralt,Vera Loewenhaupt
Geralt,Vera Loewenhaupt
Geralt,Vera Loewenhaupt
Geralt,Vera Loewenhaupt
Geralt,Vera Loewenhaupt
Geralt,Vera Loewenhaupt
Geralt,Vera Loewenhaupt
Geralt,Vera Loewenhaupt
Geralt,Vera Loewenhaupt
Geralt,Vera Loewenhaupt
Geralt,Pavetta
Geralt,Pavetta
Pavetta,Ciri
Ciri,Cirilla
Cirilla,Ciri
Ciri,Pavetta
Pavetta,Ciri
Ciri,Cirilla
Cirilla,Ciri
Ciri,Pavetta
Pavetta,Calanthe
Pavetta,Ciri
Ciri,Cirilla
Cirilla,Ciri
Ciri,Pavetta
Pavetta,Calanthe
Pavetta,Ciri
Ciri,Cirilla
Cirilla,Ciri
Ciri,Pavetta
Pavetta,Calanthe
Pavetta,Ciri
Ciri,Cirilla
Cirilla,Ciri
Ciri,Pavetta
Pavetta,Calanthe
Pavetta,Ciri
Ciri,Cirilla
Cirilla,Ciri
Ciri,Pavetta
Pavetta,Calanthe
Eist Tuirseach,Sheldon Skaggs
Eist Tuirseach,Sheldon Skaggs
Eist Tuirseach,Sheldon Skaggs
Eist Tuirseach,Sheldon Skaggs
Radcliffe,Dandelion
Radcliffe,Dandelion
Radcliffe,Dandelion
Radcliffe,Dandelion
Radcliffe,Dandelion
Sheldon Skaggs,Sheldon
Sheldon Skaggs,Sheldon
Sheldon Skaggs,Sheldon
Sheldon Skaggs,Sheldon
Dezmod,Abrad
Dezmod,Abrad
Dezmod,Abrad
Dezmod,Abrad
Dezmod,Abrad
Dezmod,Abrad
Rience,Cirilla
Rience,Cirilla
Rience,Gruzila
Rience,Gruzila
Cirilla,Ciri
Cirilla,Ciri
Cirilla,Ciri
Cirilla,Ciri
Ciri,Geralt
Cirilla,Ciri
Ciri,Geralt
Cirilla,Ciri
Ciri,Geralt
Dandelion,Rience
Dandelion,Rience
Rience,Yennefer
Rience,Yennefer
Rience,Yennefer
Rience,Yennefer
Rience,Yennefer
Yennefer,Geralt
Yennefer,Geralt
Yennefer,Rience
Yennefer,Rience
Rience,Yennefer
Niedamir,Geralt
Niedamir,Geralt
Niedamir,Geralt
Yennefer,Geralt
Yennefer,Geralt
Geralt,Yennefer
Yennefer,Geralt
Geralt,Yennefer
Yennefer,Geralt
Geralt,Yennefer
Yennefer,Geralt
Geralt,Yennefer
Yennefer,Geralt
Geralt,Yennefer
Yennefer,Geralt
Yennefer,Geralt
Yennefer,Geralt
Geralt,Calanthe
Yennefer,Geralt
Geralt,Calanthe
Yennefer,Geralt
Geralt,Calanthe
Yennefer,Geralt
Geralt,Calanthe
Calanthe,Geralt
Geralt,Yennefer
Geralt,Yennefer
Yennefer,Rience
Rience,Geralt
Rience,Geralt
Geralt,Yennefer
Rience,Geralt
Geralt,Yennefer
Geralt,Yennefer
Geralt,Yennefer
Geralt,Yennefer
Geralt,Yennefer
Geralt,Yennefer
Geralt,Yennefer
Roach,Ciri
Ciri,Geralt
Ciri,Geralt
Ciri,Geralt
Ciri,Geralt
Geralt,Ciri
Ciri,Geralt
Geralt,Ciri
Ciri,Eskel
Geralt,Ciri
Ciri,Eskel
Eskel,Roach
Ciri,Eskel
Eskel,Roach
Ciri,Eskel
Eskel,Roach
Ciri,Eskel
Eskel,Roach
Eskel,Roach
Roach,Ciri
Roach,Ciri
Vesemir,Lambert
Vesemir,Lambert
Vesemir,Lambert
Vesemir,Lambert
Vesemir,Lambert
Vesemir,Lambert
Ciri,Vesemir
Ciri,Vesemir
Vesemir,Geralt
Geralt,Ciri
Vesemir,Geralt
Geralt,Ciri
Vesemir,Geralt
Geralt,Ciri
Geralt,Ciri
Geralt,Ciri
Ciri,Geralt
Geralt,Ciri
Ciri,Geralt
Triss,Ciri
Triss,Ciri
Triss,Ciri
Triss,Ciri
Triss,Ciri
Triss,Ciri
Geralt,Ciri
Geralt,Ciri
Ciri,Triss
Geralt,Ciri
Ciri,Triss
Geralt,Ciri
Ciri,Triss
Geralt,Ciri
Ciri,Triss
Ciri,Triss
Triss,Ciri
Ciri,Triss
Ciri,Triss
Ciri,Triss
Triss,Ciri
Triss,Ciri
Triss,Ciri
Triss,Ciri
Triss,Ciri
Triss,Ciri
Triss,Ciri
Triss,Ciri
Triss,Ciri
Triss,Ciri
Ciri,Triss
Triss,Ciri
Ciri,Triss
Ciri,Triss
Ciri,Triss
Ciri,Triss
Triss,Geralt
Triss,Geralt
Triss,Geralt
Triss,Geralt
Geralt,Triss
Triss,Geralt
Geralt,Triss
Triss,Geralt
Geralt,Triss
Triss,Geralt
Triss,Geralt
Geralt,Triss
Triss,Geralt
Geralt,Triss
Triss,Geralt
Geralt,Triss
Geralt,Triss
Geralt,Triss
Triss,Geralt
Geralt,Lambert
Geralt,Lambert
Lambert,Vesemir
Geralt,Lambert
Lambert,Vesemir
Geralt,Lambert
Lambert,Vesemir
Geralt,Lambert
Lambert,Vesemir
Lambert,Vesemir
Lambert,Triss
Lambert,Triss
Lambert,Triss
Lambert,Triss
Triss,Ciri
Triss,Ciri
Ciri,Triss
Triss,Geralt
Geralt,Eskel
Triss,Ciri
Ciri,Triss
Triss,Geralt
Geralt,Eskel
Ciri,Triss
Triss,Geralt
Geralt,Eskel
Ciri,Triss
Triss,Geralt
Geralt,Eskel
Eskel,Geralt
Ciri,Triss
Triss,Geralt
Geralt,Eskel
Eskel,Geralt
Geralt,Triss
Triss,Geralt
Geralt,Eskel
Eskel,Geralt
Geralt,Triss
Geralt,Triss
Geralt,Triss
Geralt,Triss
Triss,Til
Triss,Til
Triss,Til
Triss,Til
Geralt,Triss
Triss,Geralt
Geralt,Triss
Triss,Geralt
Geralt,Triss
Triss,Geralt
Geralt,Triss
Triss,Geralt
Geralt,Triss
Triss,Geralt
Triss,Geralt
Triss,Vesemir
Triss,Vesemir
Triss,Vesemir
Triss,Vesemir
Triss,Vesemir
Triss,Vesemir
Triss,Vesemir
Triss,Vesemir
Vesemir,Lambert
Vesemir,Lambert
Vesemir,Lambert
Vesemir,Lambert
Lambert,Geralt
Vesemir,Lambert
Lambert,Geralt
Lambert,Geralt
Geralt,Vesemir
Vesemir,Ciri
Ciri,Lambert
Vesemir,Ciri
Ciri,Lambert
Vesemir,Ciri
Ciri,Lambert
Lambert,Triss
Ciri,Lambert
Lambert,Triss
Ciri,Lambert
Lambert,Triss
Triss,Lambert
Ciri,Lambert
Lambert,Triss
Triss,Lambert
Triss,Lambert
Triss,Lambert
Vesemir,Geralt
Vesemir,Geralt
Geralt,Vesemir
Vesemir,Geralt
Geralt,Vesemir
Vesemir,Geralt
Geralt,Vesemir
Vesemir,Geralt
Geralt,Vesemir
Vesemir,Geralt
Vesemir,Geralt
Geralt,Vesemir
Vesemir,Geralt
Vesemir,Geralt
Geralt,Triss
Geralt,Triss
Triss,Geralt
Geralt,Triss
Triss,Geralt
Geralt,Triss
Triss,Geralt
Triss,Geralt
Triss,Geralt
Triss,Ciri
Triss,Ciri
Triss,Ciri
Triss,Ciri
Ciri,Lambert
Triss,Ciri
Ciri,Lambert
Ciri,Lambert
Lambert,Triss
Lambert,Triss
Triss,Lambert
Triss,Lambert
Triss,Lambert
Triss,Lambert
Lambert,Geralt
Lambert,Geralt
Geralt,Vesemir
Vesemir,Triss
Vesemir,Triss
Vesemir,Triss
Triss,Geralt
Vesemir,Triss
Triss,Geralt
Vesemir,Triss
Triss,Geralt
Triss,Geralt
Triss,Vesemir
Triss,Vesemir
Triss,Vesemir
Triss,Vesemir
Vesemir,Geralt
Vesemir,Geralt
Geralt,Triss
Vesemir,Geralt
Geralt,Triss
Geralt,Triss
Geralt,Triss
Geralt,Triss
Vesemir,Triss
Vesemir,Triss
Vesemir,Triss
Triss,Vesemir
Vesemir,Triss
Triss,Vesemir
Triss,Vesemir
Triss,Vesemir
Vesemir,Geralt
Vesemir,Geralt
Geralt,Triss
Vesemir,Geralt
Geralt,Triss
Geralt,Triss
Geralt,Triss
Geralt,Triss
Triss,Yennefer
Triss,Yennefer
Yennefer,Triss
Triss,Yennefer
Yennefer,Triss
Triss,Yennefer
Yennefer,Triss
Yennefer,Triss
Yennefer,Triss
Triss,Yennefer
Triss,Yennefer
Yennefer,Geralt
Yennefer,Geralt
Geralt,Triss
Triss,Yennefer
Yennefer,Geralt
Geralt,Triss
Triss,Yennefer
Yennefer,Geralt
Geralt,Triss
Triss,Yennefer
Yennefer,Geralt
Geralt,Triss
Triss,Yennefer
Geralt,Triss
Triss,Yennefer
Triss,Yennefer
Vesemir,Geralt
Geralt,Lambert
Vesemir,Geralt
Geralt,Lambert
Lambert,Ciri
Vesemir,Geralt
Geralt,Lambert
Lambert,Ciri
Vesemir,Geralt
Geralt,Lambert
Lambert,Ciri
Vesemir,Geralt
Geralt,Lambert
Lambert,Ciri
Vesemir,Geralt
Geralt,Lambert
Lambert,Ciri
Ciri,Lambert
Ciri,Lambert
Ciri,Lambert
Lambert,Triss
Lambert,Triss
Lambert,Triss
Yennefer,Triss
Yennefer,Triss
Triss,Geralt
Geralt,Yennefer
Yennefer,Triss
Triss,Geralt
Geralt,Yennefer
Yennefer,Triss
Triss,Geralt
Geralt,Yennefer
Triss,Geralt
Geralt,Yennefer
Triss,Geralt
Geralt,Yennefer
Geralt,Yennefer
Triss,Ciri
Ciri,Lambert
Lambert,Triss
Ciri,Lambert
Lambert,Triss
Ciri,Lambert
Lambert,Triss
Lambert,Triss
Lambert,Triss
Lambert,Triss
Triss,Geralt
Geralt,Triss
Geralt,Triss
Triss,Ciri
Geralt,Triss
Triss,Ciri
Geralt,Triss
Triss,Ciri
Geralt,Triss
Triss,Ciri
Ciri,Vesemir
Triss,Ciri
Ciri,Vesemir
Ciri,Vesemir
Vesemir,Ciri
Vesemir,Ciri
Vesemir,Ciri
Vesemir,Ciri
Lambert,Ciri
Lambert,Ciri
Ciri,Geralt
Lambert,Ciri
Ciri,Geralt
Lambert,Ciri
Ciri,Geralt
Ciri,Geralt
Ciri,Geralt
Geralt,Triss
Geralt,Triss
Geralt,Triss
Triss,Ciri
Triss,Ciri
Triss,Ciri
Triss,Ciri
Ciri,Triss
Ciri,Triss
Ciri,Triss
Ciri,Triss
Ciri,Triss
Ciri,Triss
Ciri,Triss
Ciri,Triss
Triss,Ciri
Triss,Ciri
Triss,Ciri
Triss,Ciri
Triss,Ciri
Triss,Ciri
Ciri,Geralt
Ciri,Geralt
Two,Lambert
Two,Lambert
Lambert,Geralt
Lambert,Geralt
Lambert,Geralt
Lambert,Geralt
Lambert,Geralt
Lambert,Vesemir
Vesemir,Geralt
Vesemir,Geralt
Vesemir,Geralt
Geralt,Vesemir
Vesemir,Geralt
Geralt,Vesemir
Vesemir,Geralt
Geralt,Vesemir
Vesemir,Geralt
Geralt,Vesemir
Vesemir,Triss
Ciri,Geralt
Triss,Ciri
Triss,Ciri
Triss,Ciri
Triss,Ciri
Triss,Ciri
Triss,Vesemir
Triss,Vesemir
Triss,Vesemir
Triss,Vesemir
Triss,Vesemir
Triss,Vesemir
Triss,Geralt
Triss,Geralt
Triss,Geralt
Triss,Geralt
Triss,Geralt
Triss,Geralt
Geralt,Vesemir
Vesemir,Eskel
Vesemir,Eskel
Vesemir,Eskel
Vesemir,Eskel
Eskel,Geralt
Eskel,Geralt
Geralt,Triss
Geralt,Triss
Geralt,Triss
Geralt,Triss
Geralt,Triss
Triss,Geralt
Triss,Geralt
Triss,Geralt
Geralt,Vesemir
Geralt,Vesemir
Vesemir,Ciri
Geralt,Vesemir
Vesemir,Ciri
Ciri,Vesemir
Geralt,Vesemir
Vesemir,Ciri
Ciri,Vesemir
Vesemir,Lambert
Vesemir,Ciri
Ciri,Vesemir
Vesemir,Lambert
Lambert,Triss
Vesemir,Ciri
Ciri,Vesemir
Vesemir,Lambert
Lambert,Triss
Ciri,Vesemir
Vesemir,Lambert
Lambert,Triss
Vesemir,Lambert
Lambert,Triss
Triss,Ciri
Ciri,Vesemir
Lambert,Triss
Triss,Ciri
Ciri,Vesemir
Triss,Ciri
Ciri,Vesemir
Ciri,Vesemir
Ciri,Vesemir
Ciri,Vesemir
Vesemir,Triss
Triss,Ciri
Triss,Ciri
Ciri,Vesemir
Triss,Ciri
Ciri,Vesemir
Triss,Ciri
Ciri,Vesemir
Ciri,Vesemir
Ciri,Vesemir
Vesemir,Triss
Triss,Ciri
Triss,Ciri
Ciri,Triss
Triss,Ciri
Ciri,Triss
Triss,Ciri
Ciri,Triss
Triss,Ciri
Ciri,Triss
Ciri,Triss
Triss,Vesemir
Triss,Vesemir
Triss,Vesemir
Triss,Vesemir
Vesemir,Geralt
Triss,Vesemir
Vesemir,Geralt
Geralt,Triss
Vesemir,Geralt
Geralt,Triss
Vesemir,Geralt
Geralt,Triss
Triss,Geralt
Geralt,Triss
Triss,Geralt
Geralt,Ciri
Geralt,Triss
Triss,Geralt
Geralt,Ciri
Triss,Geralt
Geralt,Ciri
Geralt,Ciri
Geralt,Ciri
Ciri,Triss
Ciri,Triss
Ciri,Triss
Triss,Vesemir
Ciri,Triss
Triss,Vesemir
Triss,Vesemir
Triss,Vesemir
Vesemir,Lambert
Lambert,Vesemir
Lambert,Vesemir
Lambert,Vesemir
Vesemir,Lambert
Vesemir,Lambert
Lambert,Geralt
Vesemir,Lambert
Lambert,Geralt
Lambert,Geralt
Geralt,Triss
Lambert,Geralt
Geralt,Triss
Lambert,Geralt
Geralt,Triss
Triss,Ciri
Ciri,Triss
Geralt,Triss
Triss,Ciri
Ciri,Triss
Triss,Ciri
Ciri,Triss
Triss,Ciri
Ciri,Triss
Ciri,Triss
Ciri,Triss
Triss,Geralt
Geralt,Triss
Geralt,Triss
Triss,Ciri
Geralt,Triss
Triss,Ciri
Geralt,Triss
Triss,Ciri
Ciri,Geralt
Geralt,Lambert
Lambert,Vesemir
Geralt,Triss
Triss,Ciri
Ciri,Geralt
Geralt,Lambert
Lambert,Vesemir
Triss,Ciri
Ciri,Geralt
Geralt,Lambert
Lambert,Vesemir
Ciri,Geralt
Geralt,Lambert
Lambert,Vesemir
Geralt,Lambert
Lambert,Vesemir
Geralt,Lambert
Lambert,Vesemir
Lambert,Triss
Triss,Geralt
Lambert,Triss
Triss,Geralt
Geralt,Ciri
Lambert,Triss
Triss,Geralt
Geralt,Ciri
Lambert,Triss
Triss,Geralt
Geralt,Ciri
Lambert,Triss
Triss,Geralt
Geralt,Ciri
Triss,Geralt
Geralt,Ciri
Lambert,Triss
Lambert,Triss
Lambert,Triss
Triss,Geralt
Lambert,Triss
Triss,Geralt
Lambert,Triss
Triss,Geralt
Lambert,Triss
Triss,Geralt
Geralt,Vesemir
Geralt,Triss
Geralt,Triss
Geralt,Triss
Geralt,Triss
Triss,Nenneke
Geralt,Triss
Triss,Nenneke
Geralt,Triss
Triss,Nenneke
Vesemir,Triss
Vesemir,Triss
Triss,Geralt
Vesemir,Triss
Triss,Geralt
Vesemir,Triss
Triss,Geralt
Vesemir,Triss
Triss,Geralt
Geralt,Ciri
Triss,Geralt
Geralt,Ciri
Ciri,Triss
Geralt,Ciri
Ciri,Triss
Triss,Ciri
Ciri,Triss
Triss,Ciri
Ciri,Triss
Triss,Ciri
Ciri,Triss
Triss,Ciri
Triss,Ciri
Ciri,Geralt
Ciri,Geralt
Geralt,Triss
Ciri,Geralt
Geralt,Triss
Geralt,Triss
Geralt,Triss
Geralt,Triss
Triss,Ciri
Triss,Ciri
Triss,Ciri
Ciri,Triss
Triss,Ciri
Ciri,Triss
Triss,Ciri
Ciri,Triss
Triss,Ciri
Ciri,Triss
Vesemir,Triss
Vesemir,Triss
Triss,Geralt
Vesemir,Triss
Triss,Geralt
Vesemir,Triss
Triss,Geralt
Vesemir,Triss
Triss,Geralt
Geralt,Ciri
Triss,Geralt
Geralt,Ciri
Ciri,Triss
Geralt,Ciri
Ciri,Triss
Triss,Ciri
Ciri,Triss
Triss,Ciri
Ciri,Triss
Triss,Ciri
Ciri,Triss
Triss,Ciri
Triss,Ciri
Ciri,Geralt
Ciri,Geralt
Geralt,Triss
Ciri,Geralt
Geralt,Triss
Geralt,Triss
Geralt,Triss
Geralt,Triss
Triss,Ciri
Triss,Ciri
Triss,Ciri
Ciri,Triss
Triss,Ciri
Ciri,Triss
Triss,Ciri
Ciri,Triss
Triss,Ciri
Ciri,Triss
Triss,Lambert
Triss,Lambert
Lambert,Vesemir
Vesemir,Geralt
Triss,Lambert
Lambert,Vesemir
Vesemir,Geralt
Lambert,Vesemir
Vesemir,Geralt
Geralt,Triss
Lambert,Vesemir
Vesemir,Geralt
Geralt,Triss
Lambert,Vesemir
Vesemir,Geralt
Geralt,Triss
Vesemir,Geralt
Geralt,Triss
Triss,Vesemir
Triss,Vesemir
Triss,Vesemir
Ciri,Triss
Ciri,Triss
Triss,Ciri
Triss,Ciri
Triss,Ciri
Triss,Ciri
Triss,Ciri
Ciri,Geralt
Geralt,Ciri
Ciri,Geralt
Geralt,Ciri
Geralt,Ciri
Geralt,Ciri
Geralt,Ciri
Geralt,Ciri
Ciri,Vesemir
Ciri,Vesemir
Lambert,Geralt
Geralt,Ciri
Geralt,Ciri
Geralt,Ciri
Ciri,Vesemir
Vesemir,Triss
Ciri,Vesemir
Vesemir,Triss
Ciri,Vesemir
Vesemir,Triss
Vesemir,Triss
Vesemir,Triss
Vesemir,Triss
Geralt,Vesemir
Vesemir,Ciri
Geralt,Vesemir
Vesemir,Ciri
Ciri,Triss
Triss,Lambert
Geralt,Vesemir
Vesemir,Ciri
Ciri,Triss
Triss,Lambert
Geralt,Vesemir
Vesemir,Ciri
Ciri,Triss
Triss,Lambert
Geralt,Vesemir
Vesemir,Ciri
Ciri,Triss
Triss,Lambert
Geralt,Vesemir
Vesemir,Ciri
Ciri,Triss
Triss,Lambert
Triss,Lambert
Lambert,Ciri
Lambert,Geralt
Lambert,Geralt
Geralt,Triss
Lambert,Geralt
Geralt,Triss
Lambert,Geralt
Geralt,Triss
Lambert,Geralt
Geralt,Triss
Triss,Ciri
Geralt,Triss
Triss,Ciri
Triss,Ciri
Triss,Ciri
Triss,Ciri
Ciri,Vesemir
Ciri,Vesemir
Vesemir,Lambert
Ciri,Vesemir
Vesemir,Lambert
Ciri,Vesemir
Vesemir,Lambert
Ciri,Vesemir
Vesemir,Lambert
Vesemir,Lambert
Lambert,Ciri
Lambert,Ciri
Ciri,Triss
Ciri,Triss
Ciri,Triss
Ciri,Triss
Ciri,Triss
Lambert,Triss
Lambert,Triss
Lambert,Triss
Geralt,Vesemir
Lambert,Triss
Lambert,Triss
Lambert,Triss
Lambert,Triss
Lambert,Triss
Lambert,Triss
Geralt,Ciri
Geralt,Ciri
Geralt,Ciri
Geralt,Ciri
Geralt,Ciri
Geralt,Ciri
Geralt,Vesemir
Geralt,Vesemir
Geralt,Vesemir
Vesemir,Triss
Triss,Ciri
Geralt,Vesemir
Vesemir,Triss
Triss,Ciri
Geralt,Vesemir
Vesemir,Triss
Triss,Ciri
Geralt,Vesemir
Vesemir,Triss
Triss,Ciri
Triss,Ciri
Triss,Ciri
Ciri,Vesemir
Vesemir,Geralt
Vesemir,Geralt
Vesemir,Geralt
Vesemir,Geralt
Vesemir,Geralt
Geralt,Triss
Geralt,Triss
Triss,Ciri
Geralt,Triss
Triss,Ciri
Ciri,Vesemir
Geralt,Triss
Triss,Ciri
Ciri,Vesemir
Triss,Ciri
Ciri,Vesemir
Triss,Ciri
Ciri,Vesemir
Vesemir,Ciri
Ciri,Vesemir
Vesemir,Ciri
Vesemir,Ciri
Ciri,Eskel
Ciri,Eskel
Ciri,Eskel
Ciri,Eskel
Ciri,Eskel
Eskel,Geralt
Geralt,Vesemir
Ciri,Eskel
Eskel,Geralt
Geralt,Vesemir
Vesemir,Triss
Triss,Ciri
Geralt,Vesemir
Vesemir,Triss
Triss,Ciri
Geralt,Vesemir
Vesemir,Triss
Triss,Ciri
Geralt,Vesemir
Vesemir,Triss
Triss,Ciri
Geralt,Vesemir
Vesemir,Triss
Triss,Ciri
Triss,Ciri
Lambert,Triss
Lambert,Triss
Lambert,Triss
Triss,Vesemir
Lambert,Triss
Triss,Vesemir
Lambert,Triss
Triss,Vesemir
Triss,Vesemir
Vesemir,Ciri
Vesemir,Ciri
Vesemir,Ciri
Ciri,Geralt
Ciri,Geralt
Geralt,Ciri
Ciri,Triss
Ciri,Triss
Ciri,Triss
Ciri,Triss
Ciri,Triss
Triss,Vanielle
Triss,Vanielle
Vanielle,Axel
Vanielle,Axel
Vanielle,Axel
Axel,Ciri
Vanielle,Axel
Axel,Ciri
Axel,Ciri
Axel,Ciri
Triss,Ciri
Triss,Ciri
Triss,Ciri
Triss,Ciri
Triss,Ciri
Ciri,Triss
Ciri,Triss
Ciri,Triss
Ciri,Triss
Ciri,Triss
Ciri,Triss
Triss,Geralt
Triss,Geralt
Triss,Geralt
Triss,Geralt
Geralt,Ciri
Ciri,Triss
Ciri,Yennefer
Yennefer,Geralt
Ciri,Yennefer
Yennefer,Geralt
Geralt,Triss
Ciri,Yennefer
Yennefer,Geralt
Geralt,Triss
Ciri,Yennefer
Yennefer,Geralt
Geralt,Triss
Yennefer,Geralt
Geralt,Triss
Yennefer,Geralt
Geralt,Triss
Yennefer,Triss
Yennefer,Triss
Triss,Geralt
Yennefer,Triss
Triss,Geralt
Geralt,Ciri
Yennefer,Triss
Triss,Geralt
Geralt,Ciri
Yennefer,Triss
Triss,Geralt
Geralt,Ciri
Triss,Geralt
Geralt,Ciri
Geralt,Ciri
Ciri,Triss
Geralt,Triss
Geralt,Triss
Geralt,Triss
Geralt,Triss
Geralt,Triss
Lambert,Triss
Lambert,Triss
Lambert,Triss
Lambert,Triss
Lambert,Triss
Geralt,Vesemir
Ciri,Geralt
Ciri,Geralt
Ciri,Geralt
Ciri,Geralt
Geralt,Ciri
Geralt,Ciri
Geralt,Ciri
Geralt,Ciri
Geralt,Ciri
Geralt,Ciri
Geralt,Ciri
Geralt,Ciri
Geralt,Ciri
Ciri,Triss
Ciri,Triss
Triss,Geralt
Triss,Geralt
Geralt,Vesemir
Triss,Geralt
Geralt,Vesemir
Triss,Geralt
Geralt,Vesemir
Vesemir,Lambert
Geralt,Vesemir
Vesemir,Lambert
Geralt,Vesemir
Vesemir,Lambert
Vesemir,Lambert
Lambert,Triss
Lambert,Triss
Triss,Geralt
Triss,Geralt
Triss,Geralt
Triss,Geralt
Triss,Geralt
Geralt,Triss
Geralt,Triss
Triss,Geralt
Triss,Geralt
Geralt,Triss
Triss,Geralt
Geralt,Triss
Geralt,Triss
Triss,Vesemir
Geralt,Triss
Triss,Vesemir
Geralt,Triss
Triss,Vesemir
Triss,Vesemir
Vesemir,Lambert
Vesemir,Lambert
Vesemir,Lambert
Fercart,Keira Metz
Fercart,Keira Metz
Fercart,Keira Metz
Fercart,Keira Metz
Fercart,Keira Metz
Fercart,Keira Metz
Geralt,Triss
Geralt,Triss
Geralt,Triss
Geralt,Triss
Geralt,Triss
Triss,Geralt
Ciri,Triss
Ciri,Triss
Triss,Ciri
Triss,Ciri
Vilgefortz,Artaud Terranova
Artaud Terranova,Fercart
Fercart,Yennefer
Vilgefortz,Artaud Terranova
Artaud Terranova,Fercart
Fercart,Yennefer
Yennefer,Vanielle
Vilgefortz,Artaud Terranova
Artaud Terranova,Fercart
Fercart,Yennefer
Yennefer,Vanielle
Vilgefortz,Artaud Terranova
Artaud Terranova,Fercart
Fercart,Yennefer
Yennefer,Vanielle
Vanielle,Yennefer
Vilgefortz,Artaud Terranova
Artaud Terranova,Fercart
Fercart,Yennefer
Yennefer,Vanielle
Vanielle,Yennefer
Vilgefortz,Artaud Terranova
Artaud Terranova,Fercart
Fercart,Yennefer
Yennefer,Vanielle
Vanielle,Yennefer
Yennefer,Geralt
Vanielle,Yennefer
Yennefer,Geralt
Yennefer,Geralt
Yennefer,Geralt
Triss Merigold,Yennefer
Yennefer,Geralt
Yennefer,Geralt
Yennefer,Geralt
Geralt,Ciri
Geralt,Ciri
Geralt,Ciri
Ciri,Lambert
Ciri,Lambert
Ciri,Geralt
Ciri,Geralt
Ciri,Geralt
Geralt,Vesemir
Geralt,Vesemir
Vesemir,Triss
Vesemir,Triss
Vesemir,Triss
Vesemir,Triss
Triss,Geralt
Geralt,Vesemir
Vesemir,Geralt
Geralt,Vesemir
Vesemir,Geralt
Geralt,Vesemir
Vesemir,Geralt
Geralt,Vesemir
Vesemir,Geralt
Geralt,Vesemir
Vesemir,Geralt
Geralt,Vesemir
Vesemir,Geralt
Triss,Geralt
Triss,Geralt
Triss,Geralt
Triss,Geralt
Triss,Geralt
Triss,Geralt
Triss,Geralt
Geralt,Ciri
Triss,Geralt
Geralt,Ciri
Ciri,Triss
Triss,Geralt
Geralt,Ciri
Ciri,Triss
Triss,Geralt
Geralt,Ciri
Ciri,Triss
Geralt,Ciri
Ciri,Triss
Geralt,Ciri
Ciri,Triss
Roach,Triss
Roach,Triss
Roach,Triss
Roach,Triss
Geralt,Ciri
Geralt,Ciri
Geralt,Ciri
Geralt,Ciri
Ciri,Geralt
Geralt,Triss
Geralt,Triss
Triss,Roach
Triss,Roach
Roach,Ciri
Ciri,Triss
Triss,Roach
Roach,Ciri
Ciri,Triss
Triss,Roach
Roach,Ciri
Ciri,Triss
Triss,Geralt
Roach,Ciri
Ciri,Triss
Triss,Geralt
Roach,Ciri
Ciri,Triss
Triss,Geralt
Ciri,Triss
Triss,Geralt
Ciri,Geralt
Ciri,Geralt
Triss,Geralt
Triss,Geralt
Triss,Geralt
Triss,Geralt
Geralt of Rivia,Geralt
Geralt of Rivia,Geralt
Geralt,Geralt of Rivia
Geralt of Rivia,Geralt
Geralt,Geralt of Rivia
Geralt of Rivia,Geralt
Geralt,Geralt of Rivia
Geralt of Rivia,Geralt
Geralt,Geralt of Rivia
Geralt of Rivia,Geralt
Geralt,Geralt of Rivia
Geralt of Rivia,Geralt
Geralt of Rivia,Geralt
Geralt,Ciri
Geralt,Ciri
Triss,Geralt
Triss,Geralt
Triss,Geralt
Geralt,Geralt of Rivia
Geralt,Geralt of Rivia
Geralt of Rivia,Yarpen Zigrin
Yarpen Zigrin,Geralt
Geralt of Rivia,Yarpen Zigrin
Yarpen Zigrin,Geralt
Geralt,Yarpen Zigrin
Geralt of Rivia,Yarpen Zigrin
Yarpen Zigrin,Geralt
Geralt,Yarpen Zigrin
Yarpen Zigrin,Geralt
Geralt,Yarpen Zigrin
Yarpen Zigrin,Geralt
Geralt,Yarpen Zigrin
Yarpen Zigrin,Geralt
Geralt,Yarpen Zigrin
Yarpen Zigrin,Geralt
Yannick Brass,Xavier Moran
Xavier Moran,Paulie Dahlberg
Paulie Dahlberg,Regan
Yannick Brass,Xavier Moran
Xavier Moran,Paulie Dahlberg
Paulie Dahlberg,Regan
Regan,Geralt
Yannick Brass,Xavier Moran
Xavier Moran,Paulie Dahlberg
Paulie Dahlberg,Regan
Regan,Geralt
Yannick Brass,Xavier Moran
Xavier Moran,Paulie Dahlberg
Paulie Dahlberg,Regan
Regan,Geralt
Geralt,Yarpen Zigrin
Yannick Brass,Xavier Moran
Xavier Moran,Paulie Dahlberg
Paulie Dahlberg,Regan
Regan,Geralt
Geralt,Yarpen Zigrin
Yannick Brass,Xavier Moran
Xavier Moran,Paulie Dahlberg
Paulie Dahlberg,Regan
Regan,Geralt
Geralt,Yarpen Zigrin
Yarpen Zigrin,Lucas Corto
Geralt,Yarpen Zigrin
Yarpen Zigrin,Lucas Corto
Yarpen Zigrin,Lucas Corto
Yarpen Zigrin,Lucas Corto
Lucas Corto,Geralt
Lucas Corto,Geralt
Geralt,Yarpen
Lucas Corto,Geralt
Geralt,Yarpen
Geralt,Yarpen
Yarpen,Geralt
Geralt,Yarpen
Yarpen,Geralt
Geralt,Yarpen
Yarpen,Geralt
Geralt,Vilfrid Wenck
Vilfrid Wenck,Geralt
Yarpen,Geralt
Geralt,Vilfrid Wenck
Vilfrid Wenck,Geralt
Geralt,Vilfrid Wenck
Vilfrid Wenck,Geralt
Geralt,Vilfrid Wenck
Vilfrid Wenck,Geralt
Geralt,Vilfrid Wenck
Vilfrid Wenck,Geralt
Vilfrid Wenck,Geralt
Geralt,Yarpen
Geralt,Yarpen
Yarpen,Geralt
Geralt,Yarpen
Yarpen,Geralt
Yarpen,Geralt
Yarpen,Geralt
Yarpen,Geralt
Geralt,Vilfrid Wenck
Geralt,Vilfrid Wenck
Vilfrid Wenck,Yarpen Zigrin
Geralt,Vilfrid Wenck
Vilfrid Wenck,Yarpen Zigrin
Vilfrid Wenck,Yarpen Zigrin
Vilfrid Wenck,Yarpen Zigrin
Yarpen Zigrin,Yarpen
Yarpen,Triss
Vilfrid Wenck,Yarpen Zigrin
Yarpen Zigrin,Yarpen
Yarpen,Triss
Yarpen Zigrin,Yarpen
Yarpen,Triss
Yarpen,Triss
Yarpen,Triss
Triss,Geralt
Yarpen,Triss
Triss,Geralt
Geralt,Ciri
Geralt,Ciri
Geralt,Ciri
Geralt,Ciri
Ciri,Geralt
Geralt,Triss
Geralt,Triss
Geralt,Triss
Geralt,Triss
Geralt,Triss
Geralt,Triss
Yarpen Zigrin,Ciri
Yarpen Zigrin,Ciri
Yarpen Zigrin,Ciri
Yarpen Zigrin,Ciri
Ciri,Yarpen
Ciri,Yarpen
Yarpen,Triss
Yarpen,Triss
Yarpen,Triss
Ciri,Yarpen
Ciri,Yarpen
Ciri,Yarpen
Ciri,Yarpen
Ciri,Yarpen
Ciri,Yarpen
Triss,Yarpen
Yarpen,Geralt
Triss,Yarpen
Yarpen,Geralt
Triss,Yarpen
Yarpen,Geralt
Triss,Yarpen
Yarpen,Geralt
Yarpen,Geralt
Yarpen,Geralt
Geralt,Triss
Triss,Geralt
Triss,Geralt
Geralt,Yarpen
Yarpen,Geralt
Geralt,Triss
Triss,Geralt
Geralt,Yarpen
Yarpen,Geralt
Geralt,Triss
Triss,Geralt
Geralt,Yarpen
Yarpen,Geralt
Geralt,Triss
Geralt,Yarpen
Yarpen,Geralt
Geralt,Triss
Geralt,Yarpen
Yarpen,Geralt
Geralt,Triss
Yarpen,Geralt
Geralt,Triss
Yarpen,Geralt
Yarpen,Geralt
Yarpen,Geralt
Geralt,Triss
Geralt,Triss
Triss,Yarpen
Geralt,Triss
Triss,Yarpen
Geralt,Triss
Triss,Yarpen
Triss,Yarpen
Yarpen,Triss
Triss,Yarpen
Yarpen,Triss
Yarpen,Triss
Triss,Geralt
Triss,Geralt
Triss,Geralt
Geralt,Yarpen
Yarpen,Ciri
Geralt,Yarpen
Yarpen,Ciri
Geralt,Yarpen
Yarpen,Ciri
Yarpen,Ciri
Yarpen,Ciri
Yarpen,Ciri
Ciri,Geralt
Geralt,Triss
Geralt,Triss
Geralt,Triss
Triss,Geralt
Geralt,Triss
Triss,Geralt
Geralt,Triss
Geralt,Triss
Triss,Geralt
Geralt,Triss
Geralt,Triss
Triss,Geralt
Geralt,Triss
Geralt,Triss
Geralt,Triss
Triss,Geralt
Triss,Geralt
Triss,Geralt
Geralt,Triss
Geralt,Triss
Geralt,Triss
Triss,Geralt
Geralt,Triss
Triss,Geralt
Triss,Geralt
Triss,Geralt
Geralt,Ciri
Geralt,Ciri
Ciri,Yarpen Zigrin
Ciri,Yarpen Zigrin
Ciri,Yarpen Zigrin
Yarpen Zigrin,Triss
Triss,Ciri
Ciri,Yarpen Zigrin
Yarpen Zigrin,Triss
Triss,Ciri
Ciri,Yarpen Zigrin
Yarpen Zigrin,Triss
Triss,Ciri
Yarpen Zigrin,Triss
Triss,Ciri
Triss,Ciri
Triss,Ciri
Ciri,Paulie Dahlberg
Paulie Dahlberg,Regan
Paulie Dahlberg,Regan
Paulie Dahlberg,Regan
Regan,Roach
Roach,Geralt
Paulie Dahlberg,Regan
Regan,Roach
Roach,Geralt
Geralt,Triss
Paulie Dahlberg,Regan
Regan,Roach
Roach,Geralt
Geralt,Triss
Regan,Roach
Roach,Geralt
Geralt,Triss
Triss,Geralt
Geralt,Yarpen
Roach,Geralt
Geralt,Triss
Triss,Geralt
Geralt,Yarpen
Roach,Geralt
Geralt,Triss
Triss,Geralt
Geralt,Yarpen
Triss,Geralt
Geralt,Yarpen
Yarpen,Geralt
Geralt,Yarpen
Yarpen,Geralt
Geralt,Yarpen
Yarpen,Geralt
Geralt,Triss
Geralt,Triss
Geralt,Triss
Geralt,Triss
Triss,Ciri
Ciri,Yarpen
Yarpen,Geralt
Geralt,Triss
Triss,Ciri
Ciri,Yarpen
Yarpen,Geralt
Triss,Ciri
Ciri,Yarpen
Yarpen,Geralt
Ciri,Yarpen
Yarpen,Geralt
Geralt,Yarpen
Ciri,Yarpen
Yarpen,Geralt
Geralt,Yarpen
Yarpen,Yennefer
Yennefer,Geralt
Ciri,Yarpen
Yarpen,Geralt
Geralt,Yarpen
Yarpen,Yennefer
Yennefer,Geralt
Geralt,Yennefer
Geralt,Yarpen
Yarpen,Yennefer
Yennefer,Geralt
Geralt,Yennefer
Geralt,Yarpen
Yarpen,Yennefer
Yennefer,Geralt
Geralt,Yennefer
Geralt,Yarpen
Yarpen,Yennefer
Yennefer,Geralt
Geralt,Yennefer
Yennefer,Geralt
Geralt,Yennefer
Yennefer,Ciri
Ciri,Yarpen
Yennefer,Ciri
Ciri,Yarpen
Ciri,Yarpen
Yarpen,Geralt
Geralt,Ciri
Ciri,Yarpen
Yarpen,Geralt
Geralt,Ciri
Ciri,Yarpen
Yarpen,Geralt
Geralt,Ciri
Ciri,Yarpen
Ciri,Yarpen
Yarpen,Geralt
Geralt,Ciri
Ciri,Yarpen
Geralt,Ciri
Ciri,Yarpen
Geralt,Ciri
Ciri,Yarpen
Yarpen,Geralt
Yarpen,Geralt
Yarpen,Paulie Dahlberg
Yarpen,Paulie Dahlberg
Yarpen,Paulie Dahlberg
Paulie Dahlberg,Yarpen Zigrin
Yarpen,Paulie Dahlberg
Paulie Dahlberg,Yarpen Zigrin
Yarpen Zigrin,Ciri
Yarpen,Paulie Dahlberg
Paulie Dahlberg,Yarpen Zigrin
Yarpen Zigrin,Ciri
Paulie Dahlberg,Yarpen Zigrin
Yarpen Zigrin,Ciri
Yarpen Zigrin,Ciri
Yarpen Zigrin,Ciri
Yarpen,Geralt
Yarpen,Geralt
Yarpen,Geralt
Yarpen,Geralt
Yarpen,Geralt
Ciri,Yarpen
Ciri,Yarpen
Geralt,Roach
Geralt,Roach
Geralt,Roach
Roach,Ciri
Ciri,Triss
Geralt,Roach
Roach,Ciri
Ciri,Triss
Geralt,Roach
Roach,Ciri
Ciri,Triss
Geralt,Roach
Roach,Ciri
Ciri,Triss
Triss,Geralt
Ciri,Triss
Triss,Geralt
Ciri,Triss
Triss,Geralt
Geralt,Triss
Geralt,Triss
Triss,Yarpen Zigrin
Geralt,Triss
Triss,Yarpen Zigrin
Yarpen Zigrin,Xavier
Triss,Yarpen Zigrin
Yarpen Zigrin,Xavier
Triss,Yarpen Zigrin
Yarpen Zigrin,Xavier
Triss,Yarpen Zigrin
Yarpen Zigrin,Xavier
Yarpen Zigrin,Xavier
Paulie,Yarpen
Paulie,Yarpen
Paulie,Yarpen
Paulie,Yarpen
Paulie,Yarpen
Paulie,Yarpen
Yarpen Zigrin,Xavier Moran
Yarpen Zigrin,Xavier Moran
Yarpen Zigrin,Xavier Moran
Xavier Moran,Yarpen
Yarpen Zigrin,Xavier Moran
Xavier Moran,Yarpen
Yarpen Zigrin,Xavier Moran
Xavier Moran,Yarpen
Yarpen,Regan Dahlberg
Yarpen Zigrin,Xavier Moran
Xavier Moran,Yarpen
Yarpen,Regan Dahlberg
Yarpen,Regan Dahlberg
Yarpen,Regan Dahlberg
Ciri,Triss
Ciri,Triss
Triss,Geralt
Ciri,Triss
Triss,Geralt
Ciri,Triss
Triss,Geralt
Ciri,Triss
Triss,Geralt
Triss,Geralt
Geralt,Paulie
Paulie,Yarpen
Paulie,Yarpen
Paulie,Yarpen
Yarpen,Triss
Triss,Ciri
Paulie,Yarpen
Yarpen,Triss
Triss,Ciri
Paulie,Yarpen
Yarpen,Triss
Triss,Ciri
Ciri,Yarpen
Yarpen,Triss
Triss,Ciri
Ciri,Yarpen
Yarpen,Ciri
Triss,Ciri
Ciri,Yarpen
Yarpen,Ciri
Triss,Ciri
Ciri,Yarpen
Yarpen,Ciri
Ciri,Yannick Brass
Yarpen,Ciri
Ciri,Yannick Brass
Yarpen,Ciri
Ciri,Yannick Brass
Ciri,Yannick Brass
Paulie Dahlberg,Xavier Moran
Paulie Dahlberg,Xavier Moran
Paulie Dahlberg,Xavier Moran
Paulie,Yannick Brass
Paulie,Yannick Brass
Paulie,Yannick Brass
Paulie,Regan
Paulie,Regan
Paulie,Regan
Paulie,Regan
Regan,Yarpen
Regan,Yarpen
Yarpen,Ciri
Yarpen,Ciri
Yarpen,Ciri
Yarpen,Ciri
Ciri,Geralt
Yarpen,Ciri
Ciri,Geralt
Ciri,Geralt
Geralt,Yarpen
Geralt,Yarpen
Yarpen,Ciri
Geralt,Yarpen
Yarpen,Ciri
Ciri,Triss
Geralt,Yarpen
Yarpen,Ciri
Ciri,Triss
Triss,Geralt
Geralt,Ciri
Yarpen,Ciri
Ciri,Triss
Triss,Geralt
Geralt,Ciri
Yarpen,Ciri
Ciri,Triss
Triss,Geralt
Geralt,Ciri
Ciri,Triss
Triss,Geralt
Geralt,Ciri
Triss,Geralt
Geralt,Ciri
Ciri,Geralt
Geralt,Ciri
Ciri,Geralt
Ciri,Geralt
Ciri,Geralt
Geralt,Triss
Ciri,Geralt
Geralt,Triss
Geralt,Triss
Geralt,Triss
Triss,Ciri
Geralt,Triss
Triss,Ciri
Ciri,Geralt
Triss,Ciri
Ciri,Geralt
Triss,Ciri
Ciri,Geralt
Triss,Ciri
Ciri,Geralt
Ciri,Geralt
Yennefer,Yarpen
Yennefer,Yarpen
Yennefer,Yarpen
Yarpen,Geralt
Yarpen,Geralt
Yarpen,Geralt
Yarpen,Geralt
Regan,Yarpen
Regan,Yarpen
Regan,Yarpen
Regan,Yarpen
Regan,Yarpen
Yarpen,Geralt
Yarpen,Geralt
Yarpen,Geralt
Yarpen,Geralt
Geralt,Yarpen
Ciri,Yarpen Zigrin
Ciri,Yarpen Zigrin
Yarpen,Ciri
Yarpen,Ciri
Ciri,Geralt
Yarpen,Ciri
Ciri,Geralt
Yarpen,Ciri
Ciri,Geralt
Ciri,Geralt
Ciri,Geralt
Yarpen,Geralt
Yarpen,Geralt
Geralt,Ciri
Yarpen,Geralt
Geralt,Ciri
Ciri,Triss
Yarpen,Geralt
Geralt,Ciri
Ciri,Triss
Yarpen,Geralt
Geralt,Ciri
Ciri,Triss
Triss,Yarpen
Yarpen,Geralt
Geralt,Ciri
Ciri,Triss
Triss,Yarpen
Ciri,Triss
Triss,Yarpen
Triss,Yarpen
Paulie Dahlberg,Regan
Paulie Dahlberg,Regan
Regan,Yarpen
Paulie Dahlberg,Regan
Regan,Yarpen
Yarpen,Triss
Paulie Dahlberg,Regan
Regan,Yarpen
Yarpen,Triss
Paulie Dahlberg,Regan
Regan,Yarpen
Yarpen,Triss
Paulie Dahlberg,Regan
Regan,Yarpen
Yarpen,Triss
Yarpen,Triss
Yannick Brass,Paulie Dahlberg
Paulie Dahlberg,Yarpen
Paulie Dahlberg,Yarpen
Paulie Dahlberg,Yarpen
Geralt,Yarpen Zigrin
Geralt,Yarpen Zigrin
Geralt,Yarpen Zigrin
Geralt,Yarpen Zigrin
Geralt,Yarpen Zigrin
Geralt,Yarpen Zigrin
Yarpen Zigrin,Paulie Dahlberg
Paulie Dahlberg,Geralt
Yarpen Zigrin,Paulie Dahlberg
Paulie Dahlberg,Geralt
Yarpen Zigrin,Paulie Dahlberg
Paulie Dahlberg,Geralt
Yarpen Zigrin,Paulie Dahlberg
Paulie Dahlberg,Geralt
Geralt,Two
Yarpen Zigrin,Paulie Dahlberg
Paulie Dahlberg,Geralt
Geralt,Two
Yarpen Zigrin,Paulie Dahlberg
Paulie Dahlberg,Geralt
Geralt,Two
Geralt,Ciri
Geralt,Ciri
Geralt,Ciri
Geralt,Ciri
Geralt,Ciri
Geralt,Ciri
Ciri,Geralt
Geralt,Yarpen
Geralt,Yarpen
Geralt,Triss
Geralt,Triss
Ciri,Geralt
Ciri,Geralt
Geralt,Ciri
Geralt,Ciri
Geralt,Ciri
Geralt,Ciri
Geralt,Ciri
Ciri,Aelirenn
Aelirenn,Yarpen
Aelirenn,Yarpen
Yarpen,Aelirenn
Aelirenn,Geralt
Aelirenn,Geralt
Roach,Geralt
Roach,Geralt
Roach,Geralt
Roach,Geralt
Roach,Geralt
Roach,Geralt
Geralt,Yarpen Zigrin
Geralt,Yarpen Zigrin
Geralt,Yarpen Zigrin
Yarpen Zigrin,Ciri
Geralt,Yarpen Zigrin
Yarpen Zigrin,Ciri
Geralt,Yarpen Zigrin
Yarpen Zigrin,Ciri
Yarpen Zigrin,Ciri
Ciri,Geralt
Ciri,Geralt
Ciri,Geralt
Yarpen,Paulie Dahlberg
Paulie Dahlberg,Regan
Yarpen,Paulie Dahlberg
Paulie Dahlberg,Regan
Yarpen,Paulie Dahlberg
Paulie Dahlberg,Regan
Regan,Triss
Yarpen,Paulie Dahlberg
Paulie Dahlberg,Regan
Regan,Triss
Yarpen,Paulie Dahlberg
Paulie Dahlberg,Regan
Regan,Triss
Triss,Ciri
Ciri,Yarpen
Paulie Dahlberg,Regan
Regan,Triss
Triss,Ciri
Ciri,Yarpen
Triss,Ciri
Ciri,Yarpen
Triss,Ciri
Ciri,Yarpen
Ciri,Yarpen
Yarpen,Yannick Brass
Ciri,Yarpen
Yarpen,Yannick Brass
Yannick Brass,Yarpen
Yannick Brass,Yarpen
Yarpen,Yannick
Yarpen,Yannick
Yannick,Geralt
Yarpen,Yannick
Yannick,Geralt
Geralt,Yannick
Yarpen,Yannick
Yannick,Geralt
Geralt,Yannick
Yannick,Geralt
Geralt,Yannick
Yannick,Geralt
Geralt,Yannick
Geralt,Yannick
Yannick,Triss
Yannick,Triss
Triss,Ciri
Ciri,Yarpen
Triss,Ciri
Ciri,Yarpen
Yarpen,Paulie Dahlberg
Paulie Dahlberg,Geralt
Geralt,Roach
Triss,Ciri
Ciri,Yarpen
Yarpen,Paulie Dahlberg
Paulie Dahlberg,Geralt
Geralt,Roach
Triss,Ciri
Ciri,Yarpen
Yarpen,Paulie Dahlberg
Paulie Dahlberg,Geralt
Geralt,Roach
Roach,Geralt
Ciri,Yarpen
Yarpen,Paulie Dahlberg
Paulie Dahlberg,Geralt
Geralt,Roach
Roach,Geralt
Geralt,Regan
Ciri,Yarpen
Yarpen,Paulie Dahlberg
Paulie Dahlberg,Geralt
Geralt,Roach
Roach,Geralt
Geralt,Regan
Paulie Dahlberg,Geralt
Geralt,Roach
Roach,Geralt
Geralt,Regan
Regan,Yarpen
Geralt,Regan
Regan,Yarpen
Yarpen,Regan
Geralt,Regan
Regan,Yarpen
Yarpen,Regan
Regan,Yarpen
Yarpen,Regan
Regan,Yarpen
Regan,Yarpen
Yarpen,Regan
Regan,Yarpen
Yarpen,Regan
Regan,Yarpen
Regan,Yarpen
Regan,Yarpen
Regan,Yarpen
Yarpen,Regan
Yarpen,Regan
Yarpen,Regan
Yarpen,Regan
Regan,Ciri
Yarpen,Regan
Regan,Ciri
Regan,Ciri
Regan,Ciri
Regan,Ciri
Paulie Dahlberg,Geralt
Paulie Dahlberg,Geralt
Paulie Dahlberg,Geralt
Paulie Dahlberg,Geralt
Paulie Dahlberg,Geralt
Yarpen Zigrin,Ciri
Yarpen Zigrin,Ciri
Ciri,Geralt
Ciri,Geralt
Ciri,Geralt
Ciri,Geralt
Ciri,Geralt
Ciri,Geralt
Ciri,Geralt
Geralt,Triss
Geralt,Triss
Triss,Yarpen
Triss,Yarpen
Triss,Yarpen
Triss,Yarpen
Triss,Yarpen
Yarpen Zigrin,Geralt
Yannick Brass,Regan Dahlberg
Yannick Brass,Regan Dahlberg
Yannick Brass,Regan Dahlberg
Triss,Lady
Triss,Lady
Triss,Lady
Triss,Lady
Lady,Triss
Triss,Lady
Lady,Triss
Lady,Triss
Geralt,Regan
Geralt,Regan
Radovid III,Geralt
Everett,Geralt
Everett,Geralt
Everett,Geralt
Everett,Geralt
Geralt,Ciri
Geralt,Ciri
Geralt,Ciri
Nenneke,Geralt
Nenneke,Geralt
Nenneke,Geralt
Nenneke,Geralt
Geralt,Iola
Geralt,Iola
Iola,Nenneke
Iola,Nenneke
Iola,Nenneke
Geralt,Nenneke
Geralt,Nenneke
Nenneke,Boatbug
Nenneke,Boatbug
Nenneke,Boatbug
Boatbug,Geralt
Boatbug,Geralt
Boatbug,Geralt
Geralt,Boatbug
Geralt,Nenneke
Geralt,Nenneke
Nenneke,Boatbug
Nenneke,Boatbug
Nenneke,Boatbug
Boatbug,Geralt
Boatbug,Geralt
Boatbug,Geralt
Geralt,Boatbug
Yennefer,Geralt
Yennefer,Geralt
Yennefer,Geralt
Yennefer,Geralt
Yennefer,Geralt
Boatbug,Geralt
Boatbug,Geralt
Boatbug,Geralt
Boatbug,Geralt
Geralt,Boatbug
Geralt,Boatbug
Geralt of Rivia,Linus Pitt
Geralt of Rivia,Linus Pitt
Geralt of Rivia,Linus Pitt
Geralt of Rivia,Linus Pitt
Geralt,Everett
Geralt,Everett
Geralt,Everett
Everett,Geralt
Everett,Geralt
Everett,Geralt
Geralt,Foltest
Geralt,Foltest
Geralt,Foltest
Geralt,Foltest
Boratek,Geralt
Boratek,Geralt
Boratek,Geralt
Boratek,Geralt
Geralt,Olsen
Geralt,Olsen
Geralt,Olsen
Geralt,Olsen
Olsen,Everett
Olsen,Everett
Everett,Olsen
Olsen,Everett
Everett,Olsen
Olsen,Geralt
Everett,Olsen
Olsen,Geralt
Everett,Olsen
Olsen,Geralt
Everett,Olsen
Olsen,Geralt
Geralt,Boatbug
Olsen,Geralt
Geralt,Boatbug
Geralt,Boatbug
Boatbug,Olsen
Boatbug,Olsen
Olsen,Everett
Olsen,Everett
Olsen,Everett
Olsen,Everett
Everett,Geralt
Everett,Geralt
Geralt,Boatbug
Geralt,Boatbug
Geralt,Boatbug
Geralt,Boatbug
Geralt,Boatbug
Olsen,Boratek
Olsen,Boratek
Olsen,Boratek
Boratek,Olsen
Olsen,Boratek
Boratek,Olsen
Olsen,Geralt
Boratek,Olsen
Olsen,Geralt
Boratek,Olsen
Olsen,Geralt
Olsen,Geralt
Olsen,Geralt
Geralt,Boatbug
Linus Pitt,Olsen
Linus Pitt,Olsen
Linus Pitt,Olsen
Olsen,Boatbug
Olsen,Boatbug
Olsen,Boatbug
Olsen,Boatbug
Boatbug,Olsen
Olsen,Boatbug
Boatbug,Olsen
Boatbug,Olsen
Boatbug,Olsen
Boatbug,Olsen
Olsen,Geralt
Boatbug,Olsen
Olsen,Geralt
Geralt,Linus Pitt
Geralt,Linus Pitt
Geralt,Linus Pitt
Linus Pitt,Boatbug
Boatbug,Everett
Geralt,Linus Pitt
Linus Pitt,Boatbug
Boatbug,Everett
Linus Pitt,Boatbug
Boatbug,Everett
Linus Pitt,Boatbug
Boatbug,Everett
Everett,Geralt
Boatbug,Everett
Everett,Geralt
Boatbug,Everett
Everett,Geralt
Geralt,Boatbug
Boatbug,Linus Pitt
Boatbug,Linus Pitt
Linus Pitt,Olsen
Boatbug,Linus Pitt
Linus Pitt,Olsen
Boatbug,Linus Pitt
Linus Pitt,Olsen
Boatbug,Linus Pitt
Linus Pitt,Olsen
Linus Pitt,Olsen
Geralt,Boatbug
Geralt,Boatbug
Geralt,Boatbug
Geralt,Boatbug
Geralt,Boatbug
Boatbug,Olsen
Olsen,Geralt
Boatbug,Olsen
Olsen,Geralt
Olsen,Geralt
Olsen,Geralt
Olsen,Geralt
Olsen,Geralt
Geralt,Ciri
Ciri,Yennefer
Geralt,Ciri
Ciri,Yennefer
Geralt,Ciri
Ciri,Yennefer
Geralt,Ciri
Ciri,Yennefer
Geralt,Ciri
Ciri,Yennefer
Geralt,Ciri
Ciri,Yennefer
Stran,Vitek
Stran,Vitek
Stran,Vitek
Stran,Vitek
Stran,Vitek
Vitek,Olsen
Stran,Vitek
Vitek,Olsen
Everett,Stran
Stran,Vitek
Everett,Stran
Stran,Vitek
Everett,Stran
Stran,Vitek
Everett,Stran
Stran,Vitek
Everett,Stran
Stran,Vitek
Vitek,Olsen
Stran,Vitek
Vitek,Olsen
Olsen,Geralt
Geralt,Boatbug
Olsen,Geralt
Geralt,Boatbug
Geralt,Boatbug
Geralt,Boatbug
Geralt,Boatbug
Boatbug,Everett
Geralt,Boatbug
Boatbug,Everett
Everett,Vitek
Everett,Vitek
Everett,Vitek
Everett,Vitek
Vitek,Geralt
Geralt,Olsen
Everett,Vitek
Vitek,Geralt
Geralt,Olsen
Vitek,Geralt
Geralt,Olsen
Geralt,Olsen
Geralt,Olsen
Geralt,Olsen
Everett,Geralt
Everett,Geralt
Everett,Geralt
Geralt,Olsen
Everett,Geralt
Geralt,Olsen
Geralt,Olsen
Olsen,Linus Pitt
Geralt,Olsen
Olsen,Linus Pitt
Olsen,Linus Pitt
Olsen,Linus Pitt
Linus Pitt,Geralt
Geralt,Everett
Geralt,Everett
Geralt,Everett
Geralt,Everett
Geralt,Everett
Geralt,Everett
Everett,Geralt
Everett,Geralt
Everett,Geralt
Geralt,Everett
Everett,Geralt
Geralt,Everett
Everett,Geralt
Geralt,Everett
Everett,Geralt
Geralt,Everett
Everett,Geralt
Everett,Geralt
Everett,Geralt
Geralt,Linus Pitt
Geralt,Linus Pitt
Geralt,Linus Pitt
Geralt,Linus Pitt
Linus Pitt,Geralt
Linus Pitt,Geralt
Geralt,Olsen
Geralt,Olsen
Geralt,Olsen
Geralt,Olsen
Olsen,Everett
Olsen,Everett
Everett,Geralt
Olsen,Everett
Everett,Geralt
Geralt,Boatbug
Olsen,Everett
Everett,Geralt
Geralt,Boatbug
Olsen,Everett
Everett,Geralt
Geralt,Boatbug
Everett,Geralt
Geralt,Boatbug
Geralt,Boatbug
Boatbug,Olsen
Boatbug,Olsen
Olsen,Boratek
Olsen,Boratek
Linus Pitt,Geralt
Geralt,Boatbug
Geralt,Boatbug
Geralt,Boatbug
Olsen,Everett
Olsen,Everett
Olsen,Everett
Everett,Linus Pitt
Olsen,Everett
Everett,Linus Pitt
Everett,Linus Pitt
Everett,Linus Pitt
Linus Pitt,Geralt
Linus Pitt,Geralt
Ori Reuven,Philippa
Ori Reuven,Philippa
Geralt,Rience
Geralt,Rience
Geralt,Rience
Geralt,Rience
Geralt,Rience
Rience,Philippa
Rience,Philippa
Rience,Philippa
Rience,Philippa
Philippa,Ori Reuven
Philippa,Ori Reuven
Philippa,Ori Reuven
Philippa,Ori Reuven
Philippa,Ori Reuven
Ori Reuven,Rience
Ori Reuven,Rience
Geralt,Philippa
Geralt,Philippa
Geralt,Philippa
Rience,Geralt
Geralt,Rience
Geralt,Rience
Geralt,Rience
Geralt,Rience
Geralt,Rience
Geralt,Rience
Rience,Geralt
Rience,Geralt
Rience,Geralt
Philippa Eilhart,Geralt
Philippa Eilhart,Geralt
Yennefer,Geralt
Yennefer,Geralt
Yennefer,Geralt
Yennefer,Geralt
Geralt,Philippa
Yennefer,Geralt
Geralt,Philippa
Yennefer,Geralt
Geralt,Philippa
Philippa,Philippa Eilhart
Philippa,Philippa Eilhart
Philippa,Philippa Eilhart
Philippa Eilhart,Philippa
Philippa Eilhart,Philippa
Wolfgang Amadeus Goatbeard,Geralt
Shani,Geralt
Shani,Geralt
Shani,Geralt
Shani,Geralt
Geralt,Shani
Geralt,Shani
Geralt,Shani
Geralt,Shani
Geralt,Shani
Shani,Rience
Geralt,Shani
Shani,Rience
Shani,Rience
Rience,Geralt
Rience,Geralt
Geralt,Yennefer
Rience,Geralt
Geralt,Yennefer
Rience,Geralt
Geralt,Yennefer
Rience,Geralt
Geralt,Yennefer
Rience,Geralt
Geralt,Yennefer
Geralt,Philippa
Geralt,Philippa
Geralt,Philippa
Geralt,Philippa
Geralt,Philippa
Philippa,Geralt of Rivia
Philippa,Geralt of Rivia
Geralt of Rivia,Philippa Eilhart
Geralt of Rivia,Philippa Eilhart
Geralt of Rivia,Philippa Eilhart
Philippa Eilhart,Shani
Philippa Eilhart,Shani
Shani,Dandelion
Philippa Eilhart,Shani
Shani,Dandelion
Dandelion,Geralt of Rivia
Geralt of Rivia,Philippa
Shani,Dandelion
Dandelion,Geralt of Rivia
Geralt of Rivia,Philippa
Philippa,Shani
Shani,Dandelion
Dandelion,Geralt of Rivia
Geralt of Rivia,Philippa
Philippa,Shani
Shani,Geralt
Shani,Dandelion
Dandelion,Geralt of Rivia
Geralt of Rivia,Philippa
Philippa,Shani
Shani,Geralt
Dandelion,Geralt of Rivia
Geralt of Rivia,Philippa
Philippa,Shani
Shani,Geralt
Geralt of Rivia,Philippa
Philippa,Shani
Shani,Geralt
Geralt,Philippa
Shani,Geralt
Geralt,Philippa
Geralt,Philippa
Philippa,Geralt
Geralt,Shani
Geralt,Shani
Geralt,Shani
Geralt,Shani
Shani,Philippa Eilhart
Geralt,Shani
Shani,Philippa Eilhart
Philippa Eilhart,Yennefer
Shani,Philippa Eilhart
Philippa Eilhart,Yennefer
Yennefer,Geralt
Philippa Eilhart,Yennefer
Yennefer,Geralt
Philippa Eilhart,Yennefer
Yennefer,Geralt
Philippa Eilhart,Yennefer
Yennefer,Geralt
Yennefer,Geralt
Philippa,Geralt
Philippa,Geralt
Philippa,Geralt
Geralt,Vizimir
Philippa,Geralt
Geralt,Vizimir
Vizimir,Philippa
Philippa,Geralt
Geralt,Vizimir
Vizimir,Philippa
Geralt,Vizimir
Vizimir,Philippa
Vizimir,Philippa
Vizimir,Philippa
Geralt,Yennefer
Yennefer,Philippa
Yennefer,Philippa
Philippa,Geralt
Yennefer,Philippa
Philippa,Geralt
Yennefer,Philippa
Philippa,Geralt
Yennefer,Philippa
Philippa,Geralt
Geralt,Philippa
Philippa,Geralt
Geralt,Philippa
Geralt,Philippa
Ciri,Rience
Ciri,Rience
Ciri,Rience
Rience,Philippa
Rience,Philippa
Rience,Philippa
Philippa,Rience
Rience,Philippa
Philippa,Rience
Rience,Philippa
Philippa,Rience
Rience,Philippa
Philippa,Rience
Philippa,Geralt
Philippa,Geralt
Philippa,Geralt
Philippa,Geralt
Geralt,Philippa
Philippa,Geralt
Geralt,Philippa
Geralt,Philippa
Ciri,Rience
Ciri,Rience
Ciri,Rience
Rience,Philippa
Rience,Philippa
Rience,Philippa
Philippa,Rience
Rience,Philippa
Philippa,Rience
Rience,Philippa
Philippa,Rience
Rience,Philippa
Philippa,Rience
Vizimir,Foltest
Vizimir,Foltest
Foltest,Henselt
Foltest,Henselt
Foltest,Henselt
Henselt,Vizimir
Foltest,Henselt
Henselt,Vizimir
Foltest,Henselt
Henselt,Vizimir
Henselt,Vizimir
Henselt,Vizimir
Emhyr,Ebbing
Emhyr,Ebbing
Emhyr,Ebbing
Ebbing,Henselt
Henselt,Ervyll
Henselt,Ervyll
Henselt,Ervyll
Henselt,Ervyll
Henselt,Ervyll
Vizimir,Henselt
Vizimir,Henselt
Vizimir,Henselt
Henselt,Emhyr var Emreis
Vizimir,Henselt
Henselt,Emhyr var Emreis
Vizimir,Henselt
Henselt,Emhyr var Emreis
Henselt,Emhyr var Emreis
Vizimir,Meve
Vizimir,Meve
Vizimir,Meve
Vizimir,Meve
Vizimir,Meve
Henselt,Emhyr
Henselt,Emhyr
Henselt,Emhyr
Emhyr,Foltest
Henselt,Emhyr
Emhyr,Foltest
Henselt,Emhyr
Emhyr,Foltest
Emhyr,Foltest
Emhyr,Vizimir
Emhyr,Vizimir
Vizimir,Emhyr
Emhyr,Vizimir
Vizimir,Emhyr
Emhyr,Vizimir
Vizimir,Emhyr
Vizimir,Emhyr
Vizimir,Emhyr
Emhyr,Foltest
Vizimir,Meve
Meve,Henselt
Meve,Henselt
Henselt,Vizimir
Meve,Henselt
Henselt,Vizimir
Vizimir,Meve
Meve,Henselt
Henselt,Vizimir
Vizimir,Meve
Meve,Henselt
Henselt,Vizimir
Vizimir,Meve
Henselt,Vizimir
Vizimir,Meve
Vizimir,Meve
Meve,Henselt
Vizimir,Foltest
Vizimir,Foltest
Vizimir,Foltest
Eist Tuirseach,Crach
Eist Tuirseach,Crach
Eist Tuirseach,Crach
Eist Tuirseach,Crach
Crach,Henselt
Crach,Henselt
Crach,Henselt
Henselt,Niedamir
Niedamir,Esterad Thyssen
Henselt,Niedamir
Niedamir,Esterad Thyssen
Niedamir,Esterad Thyssen
Niedamir,Esterad Thyssen
Niedamir,Esterad Thyssen
Niedamir,Esterad Thyssen
Esterad Thyssen,Vizimir
Vizimir,Vilgefortz of Roggeveen
Vizimir,Vilgefortz of Roggeveen
Vizimir,Vilgefortz of Roggeveen
Vizimir,Vilgefortz of Roggeveen
Vilgefortz of Roggeveen,Vilgefortz
Vilgefortz of Roggeveen,Vilgefortz
Vilgefortz of Roggeveen,Vilgefortz
Vilgefortz,Foltest
Vilgefortz,Foltest
Vilgefortz,Foltest
Foltest,Vilgefortz
Vilgefortz,Foltest
Foltest,Vilgefortz
Vilgefortz,Foltest
Foltest,Vilgefortz
Foltest,Vilgefortz
Vilgefortz,Emhyr var Emreis
Emhyr var Emreis,Vissegerd
Vilgefortz,Emhyr var Emreis
Emhyr var Emreis,Vissegerd
Vilgefortz,Emhyr var Emreis
Emhyr var Emreis,Vissegerd
Vilgefortz,Emhyr var Emreis
Emhyr var Emreis,Vissegerd
Vilgefortz,Emhyr var Emreis
Emhyr var Emreis,Vissegerd
Emhyr var Emreis,Vissegerd
Meve,Emhyr
Meve,Emhyr
Emhyr,Vissegerd
Vissegerd,Foltest
Meve,Emhyr
Emhyr,Vissegerd
Vissegerd,Foltest
Foltest,Vissegerd
Meve,Emhyr
Emhyr,Vissegerd
Vissegerd,Foltest
Foltest,Vissegerd
Meve,Emhyr
Emhyr,Vissegerd
Vissegerd,Foltest
Foltest,Vissegerd
Emhyr,Vissegerd
Vissegerd,Foltest
Foltest,Vissegerd
Vissegerd,Foltest
Foltest,Vissegerd
Vissegerd,Calanthe
Calanthe,Foltest
Calanthe,Foltest
Calanthe,Foltest
Calanthe,Foltest
Calanthe,Foltest
Vissegerd,Meve
Vissegerd,Meve
Vissegerd,Meve
Vissegerd,Meve
Foltest,Henselt
Foltest,Henselt
Foltest,Henselt
Foltest,Henselt
Foltest,Henselt
Foltest,Henselt
Foltest,Vizimir
Vizimir,Foltest
Foltest,Meve
Foltest,Meve
Foltest,Meve
Foltest,Meve
Meve,Vissegerd
Vissegerd,Emhyr
Foltest,Meve
Meve,Vissegerd
Vissegerd,Emhyr
Foltest,Meve
Meve,Vissegerd
Vissegerd,Emhyr
Vissegerd,Emhyr
Emhyr,Vizimir
Vissegerd,Emhyr
Emhyr,Vizimir
Vizimir,Calanthe
Vissegerd,Emhyr
Emhyr,Vizimir
Vizimir,Calanthe
Vizimir,Calanthe
Vizimir,Calanthe
Vizimir,Calanthe
Meve,Calanthe
Meve,Calanthe
Meve,Calanthe
Meve,Calanthe
Calanthe,Pavetta
Calanthe,Pavetta
Pavetta,Foltest
Pavetta,Foltest
Pavetta,Foltest
Pavetta,Foltest
Foltest,Vizimir
Foltest,Vizimir
Foltest,Vizimir
Vizimir,Foltest
Vizimir,Foltest
Vizimir,Foltest
Foltest,Vissegerd
Vizimir,Foltest
Foltest,Vissegerd
Foltest,Vissegerd
Foltest,Vissegerd
Vissegerd,Rience
Rience,Calanthe
Rience,Calanthe
Rience,Calanthe
Calanthe,Foltest
Rience,Calanthe
Calanthe,Foltest
Calanthe,Foltest
Calanthe,Foltest
Henselt,Foltest
Henselt,Foltest
Henselt,Foltest
Foltest,Calanthe
Henselt,Foltest
Foltest,Calanthe
Foltest,Calanthe
Calanthe,Vizimir
Foltest,Calanthe
Calanthe,Vizimir
Calanthe,Vizimir
Calanthe,Vizimir
Meve,Vizimir
Vizimir,Henselt
Meve,Vizimir
Vizimir,Henselt
Meve,Vizimir
Vizimir,Henselt
Meve,Vizimir
Vizimir,Henselt
Meve,Vizimir
Vizimir,Henselt
Meve,Vizimir
Vizimir,Henselt
Foltest,Emhyr
Foltest,Emhyr
Emhyr,Calanthe
Foltest,Emhyr
Emhyr,Calanthe
Calanthe,Emhyr
Emhyr,Calanthe
Calanthe,Emhyr
Emhyr,Calanthe
Calanthe,Emhyr
Emhyr,Henselt
Emhyr,Calanthe
Calanthe,Emhyr
Emhyr,Henselt
Henselt,Vizimir
Calanthe,Emhyr
Emhyr,Henselt
Henselt,Vizimir
Vizimir,Emhyr
Emhyr,Henselt
Henselt,Vizimir
Vizimir,Emhyr
Henselt,Vizimir
Vizimir,Emhyr
Henselt,Vizimir
Vizimir,Emhyr
Vizimir,Emhyr
Emhyr,Foltest
Foltest,Emhyr
Foltest,Emhyr
Foltest,Emhyr
Foltest,Emhyr
Emhyr,Calanthe
Foltest,Emhyr
Emhyr,Calanthe
Foltest,Emhyr
Emhyr,Calanthe
Henselt,Vissegerd
Henselt,Vissegerd
Henselt,Vissegerd
Henselt,Vissegerd
Meve,Niedamir
Meve,Niedamir
Niedamir,Vissegerd
Meve,Niedamir
Niedamir,Vissegerd
Niedamir,Vissegerd
Niedamir,Vissegerd
Vissegerd,Foltest
Niedamir,Vissegerd
Vissegerd,Foltest
Foltest,Vizimir
Vissegerd,Foltest
Foltest,Vizimir
Vissegerd,Foltest
Foltest,Vizimir
Vizimir,Vissegerd
Vissegerd,Foltest
Foltest,Vizimir
Vizimir,Vissegerd
Vissegerd,Emhyr
Foltest,Vizimir
Vizimir,Vissegerd
Vissegerd,Emhyr
Emhyr,Foltest
Vizimir,Vissegerd
Vissegerd,Emhyr
Emhyr,Foltest
Foltest,Emhyr
Vissegerd,Emhyr
Emhyr,Foltest
Foltest,Emhyr
Vissegerd,Emhyr
Emhyr,Foltest
Foltest,Emhyr
Emhyr,Meve
Emhyr,Foltest
Foltest,Emhyr
Emhyr,Meve
Foltest,Emhyr
Emhyr,Meve
Emhyr,Meve
Henselt,Meve
Henselt,Meve
Henselt,Meve
Henselt,Meve
Henselt,Meve
Meve,Virfuril
Virfuril,Medell
Henselt,Meve
Meve,Virfuril
Virfuril,Medell
Medell,Virfuril
Virfuril,Foltest
Foltest,Medell
Virfuril,Medell
Medell,Virfuril
Virfuril,Foltest
Foltest,Medell
Virfuril,Medell
Medell,Virfuril
Virfuril,Foltest
Foltest,Medell
Virfuril,Medell
Medell,Virfuril
Virfuril,Foltest
Foltest,Medell
Virfuril,Medell
Medell,Virfuril
Virfuril,Foltest
Foltest,Medell
Virfuril,Foltest
Foltest,Medell
Esterad Thyssen,Niedamir
Esterad Thyssen,Niedamir
Esterad Thyssen,Niedamir
Esterad Thyssen,Niedamir
Esterad Thyssen,Niedamir
Esterad Thyssen,Niedamir
Rience,Yennefer
Rience,Yennefer
Rience,Yennefer
Philippa,Shani
Philippa,Shani
Philippa,Shani
Yennefer,Geralt
Yennefer,Geralt
Geralt,Yennefer
Yennefer,Geralt
Geralt,Yennefer
Geralt,Yennefer
Geralt,Yennefer
Geralt,Yennefer
Yennefer,Ciri
Yennefer,Ciri
Yennefer,Ciri
Yennefer,Ciri
Yennefer,Ciri
Yennefer,Ciri
Ciri,Yennefer
Yennefer,Ciri
Yennefer,Ciri
Yennefer,Ciri
Yennefer,Ciri
Yennefer,Ciri
Ciri,Yennefer
Yennefer,Ciri
Ciri,Yennefer
Yennefer,Ciri
Yennefer,Ciri
Yennefer,Ciri
Yennefer,Ciri
Yennefer,Ciri
Yennefer,Ciri
Yennefer,Ciri
Yennefer,Ciri
Yennefer,Ciri
Yennefer,Ciri
Shani,Myhrman
Shani,Myhrman
Shani,Myhrman
Shani,Myhrman
Myhrman,Geralt
Myhrman,Geralt
Myhrman,Geralt
Geralt,Shani
Myhrman,Geralt
Geralt,Shani
Myhrman,Geralt
Geralt,Shani
Myhrman,Geralt
Geralt,Shani
Geralt,Shani
Shani,Two
Two,Myhrman
Myhrman,Shani
Myhrman,Shani
Myhrman,Shani
Myhrman,Shani
Myhrman,Shani
Shani,Myhrman
Myhrman,Toublanc Michelet
Rience,Toublanc
Rience,Toublanc
Rience,Toublanc
Toublanc,Rience
Toublanc,Rience
Toublanc,Rience
Rience,Flavius
Flavius,Lodovico
Rience,Flavius
Flavius,Lodovico
Lodovico,Toublanc
Rience,Flavius
Flavius,Lodovico
Lodovico,Toublanc
Flavius,Lodovico
Lodovico,Toublanc
Flavius,Lodovico
Lodovico,Toublanc
Flavius,Lodovico
Lodovico,Toublanc
Toublanc,Rience
Rience,Michelet
Toublanc,Rience
Rience,Michelet
Michelet,Toublanc
Toublanc,Rience
Rience,Michelet
Michelet,Toublanc
Rience,Michelet
Michelet,Toublanc
Rience,Michelet
Michelet,Toublanc
Toublanc,Rience
Rience,Michelet
Michelet,Toublanc
Toublanc,Rience
Toublanc,Rience
Flavius Michelet,Rience
Flavius Michelet,Rience
Flavius Michelet,Rience
Flavius Michelet,Rience
Rience,Toublanc Michelet
Flavius Michelet,Rience
Rience,Toublanc Michelet
Rience,Toublanc Michelet
Myhrman,Shani
Myhrman,Shani
Myhrman,Shani
Myhrman,Shani
Myhrman,Shani
Shani,Rience
Myhrman,Vilgefortz
Artaud Terranova,Tissaia de Vries
Artaud Terranova,Tissaia de Vries
Artaud Terranova,Tissaia de Vries
Tissaia de Vries,Vilgefortz
Tissaia de Vries,Vilgefortz
Tissaia de Vries,Vilgefortz
Vilgefortz,Tissaia de Vries
Tissaia de Vries,Artaud
Tissaia de Vries,Artaud
Artaud,Two
Tissaia de Vries,Artaud
Artaud,Two
Tissaia de Vries,Artaud
Artaud,Two
Tissaia de Vries,Artaud
Artaud,Two
Artaud,Two
Two,Lydia
Two,Lydia
Lydia,Lydia van Bredevoort
Lydia van Bredevoort,Vilgefortz
Vilgefortz,Tissaia de Vries
Lydia,Lydia van Bredevoort
Lydia van Bredevoort,Vilgefortz
Vilgefortz,Tissaia de Vries
Tissaia de Vries,Tissaia
Lydia,Lydia van Bredevoort
Lydia van Bredevoort,Vilgefortz
Vilgefortz,Tissaia de Vries
Tissaia de Vries,Tissaia
Tissaia,Artaud Terranova
Lydia,Lydia van Bredevoort
Lydia van Bredevoort,Vilgefortz
Vilgefortz,Tissaia de Vries
Tissaia de Vries,Tissaia
Tissaia,Artaud Terranova
Lydia,Lydia van Bredevoort
Lydia van Bredevoort,Vilgefortz
Vilgefortz,Tissaia de Vries
Tissaia de Vries,Tissaia
Tissaia,Artaud Terranova
Artaud Terranova,Lydia
Lydia van Bredevoort,Vilgefortz
Vilgefortz,Tissaia de Vries
Tissaia de Vries,Tissaia
Tissaia,Artaud Terranova
Artaud Terranova,Lydia
Lydia,Two
Tissaia,Artaud Terranova
Artaud Terranova,Lydia
Lydia,Two
Two,Lydia van Bredevoort
Artaud Terranova,Lydia
Lydia,Two
Two,Lydia van Bredevoort
Lydia,Two
Two,Lydia van Bredevoort
Lydia,Two
Two,Lydia van Bredevoort
Lydia van Bredevoort,Lydia
Two,Lydia van Bredevoort
Lydia van Bredevoort,Lydia
Lydia van Bredevoort,Lydia
Lydia,Artaud Terranova
Lydia,Artaud Terranova
Artaud Terranova,Tissaia de Vries
Lydia,Artaud Terranova
Artaud Terranova,Tissaia de Vries
Lydia,Artaud Terranova
Artaud Terranova,Tissaia de Vries
Artaud Terranova,Tissaia de Vries
Tissaia de Vries,Lydia
Artaud Terranova,Tissaia de Vries
Tissaia de Vries,Lydia
Tissaia de Vries,Lydia
Lydia,Vilgefortz
Lydia,Vilgefortz
Lydia,Vilgefortz
Vilgefortz,Francesca
Vilgefortz,Francesca
Vilgefortz,Francesca
Vilgefortz,Francesca
Francesca,Vilgefortz
Vilgefortz,Lydia
Vilgefortz,Lydia
Vilgefortz,Lydia
Lydia,Artaud
Vilgefortz,Lydia
Lydia,Artaud
Vilgefortz,Lydia
Lydia,Artaud
Vilgefortz,Lydia
Lydia,Artaud
Artaud,Lydia
Lydia,Vilgefortz
Lydia,Vilgefortz
Vilgefortz,Artaud
Vilgefortz,Artaud
Artaud,Tissaia
Artaud,Tissaia
Tissaia,Tissaia de Vries
Tissaia,Tissaia de Vries
Tissaia,Tissaia de Vries
Tissaia,Tissaia de Vries
Tissaia,Tissaia de Vries
Lydia,Vilgefortz
Lydia,Vilgefortz
Vilgefortz,Tissaia
Lydia,Vilgefortz
Vilgefortz,Tissaia
Tissaia,Lydia van Bredevoort
Lydia van Bredevoort,Vilgefortz of Roggeveen
Lydia,Vilgefortz
Vilgefortz,Tissaia
Tissaia,Lydia van Bredevoort
Lydia van Bredevoort,Vilgefortz of Roggeveen
Lydia,Vilgefortz
Vilgefortz,Tissaia
Tissaia,Lydia van Bredevoort
Lydia van Bredevoort,Vilgefortz of Roggeveen
Vilgefortz of Roggeveen,Lydia
Lydia,Vilgefortz
Vilgefortz,Tissaia
Tissaia,Lydia van Bredevoort
Lydia van Bredevoort,Vilgefortz of Roggeveen
Vilgefortz of Roggeveen,Lydia
Tissaia,Lydia van Bredevoort
Lydia van Bredevoort,Vilgefortz of Roggeveen
Vilgefortz of Roggeveen,Lydia
Lydia van Bredevoort,Vilgefortz of Roggeveen
Vilgefortz of Roggeveen,Lydia
Lydia,Vilgefortz
Lydia,Vilgefortz
Lydia,Vilgefortz
Artaud Terranova,Vilgefortz
Artaud Terranova,Vilgefortz
Artaud Terranova,Vilgefortz
Artaud,Vilgefortz
Artaud,Vilgefortz
Artaud,Vilgefortz
Artaud,Vilgefortz
Artaud,Vilgefortz
Vilgefortz,Tissaia
Vilgefortz,Tissaia
Vilgefortz,Tissaia
Vilgefortz,Tissaia
Vilgefortz,Tissaia
Carduin,Philippa Eilhart
Philippa Eilhart,Fercart
Fercart,Radcliffe
Carduin,Philippa Eilhart
Philippa Eilhart,Fercart
Fercart,Radcliffe
Radcliffe,Vilgefortz
Carduin,Philippa Eilhart
Philippa Eilhart,Fercart
Fercart,Radcliffe
Radcliffe,Vilgefortz
Vilgefortz,Tissaia de Vries
Carduin,Philippa Eilhart
Philippa Eilhart,Fercart
Fercart,Radcliffe
Radcliffe,Vilgefortz
Vilgefortz,Tissaia de Vries
Tissaia de Vries,Tissaia
Carduin,Philippa Eilhart
Philippa Eilhart,Fercart
Fercart,Radcliffe
Radcliffe,Vilgefortz
Vilgefortz,Tissaia de Vries
Tissaia de Vries,Tissaia
Carduin,Philippa Eilhart
Philippa Eilhart,Fercart
Fercart,Radcliffe
Radcliffe,Vilgefortz
Vilgefortz,Tissaia de Vries
Tissaia de Vries,Tissaia
Vilgefortz,Tissaia de Vries
Tissaia de Vries,Tissaia
Tissaia,Aevenien
Tissaia de Vries,Tissaia
Tissaia,Aevenien
Tissaia,Aevenien
Aevenien,Tissaia
Aevenien,Tissaia
Tissaia,Vilgefortz
Tissaia,Vilgefortz
Vilgefortz,Yennefer
Vilgefortz,Yennefer
Yennefer,Vilgefortz
Yennefer,Vilgefortz
Vilgefortz,Lydia van Bredevoort
Vilgefortz,Lydia van Bredevoort
Vilgefortz,Lydia van Bredevoort
Vilgefortz,Lydia van Bredevoort
Vilgefortz,Lydia van Bredevoort
Lydia van Bredevoort,Artaud
Artaud,Tissaia
Tissaia,Lydia
Artaud,Tissaia
Tissaia,Lydia
Artaud,Tissaia
Tissaia,Lydia
Artaud,Tissaia
Tissaia,Lydia
Artaud,Tissaia
Tissaia,Lydia
Tissaia,Lydia
Lydia,Vilgefortz
Vilgefortz,Lydia
Lydia,Vilgefortz
Vilgefortz,Lydia
Lydia,Vilgefortz
Vilgefortz,Lydia
Lydia,Vilgefortz
Vilgefortz,Lydia
Lydia,Vilgefortz
Vilgefortz,Lydia
Vilgefortz,Lydia
Lydia,Vilgefortz
Lydia,Vilgefortz
Vilgefortz,Lydia
Lydia,Vilgefortz
Vilgefortz,Lydia
Lydia,Vilgefortz
Vilgefortz,Lydia
Vilgefortz,Lydia
Vilgefortz,Lydia
Tissaia,Artaud
Tissaia,Artaud
Tissaia,Artaud
Tissaia,Artaud
Artaud,Tissaia de Vries
Tissaia,Artaud
Artaud,Tissaia de Vries
Tissaia,Artaud
Artaud,Tissaia de Vries
Tissaia de Vries,Vilgefortz
Tissaia de Vries,Vilgefortz
Tissaia de Vries,Vilgefortz
Vilgefortz,Yennefer
Vilgefortz,Yennefer
Vilgefortz,Yennefer
Yennefer,Artaud
Yennefer,Artaud
Artaud,Tissaia
Yennefer,Artaud
Artaud,Tissaia
Tissaia,Yennefer
Yennefer,Artaud
Artaud,Tissaia
Tissaia,Yennefer
Yennefer,Artaud
Artaud,Tissaia
Tissaia,Yennefer
Artaud,Tissaia
Tissaia,Yennefer
Artaud,Tissaia
Tissaia,Yennefer
Tissaia de Vries,Yennefer
Tissaia de Vries,Yennefer
Tissaia de Vries,Yennefer
Tissaia de Vries,Yennefer
Tissaia de Vries,Yennefer
Yennefer,Artaud
Yennefer,Artaud
Yennefer,Artaud
Artaud,Tissaia
Yennefer,Artaud
Artaud,Tissaia
Yennefer,Artaud
Artaud,Tissaia
Yennefer,Artaud
Artaud,Tissaia
Geralt,Yennefer
Geralt,Yennefer
Yennefer,Tissaia de Vries
Geralt,Yennefer
Yennefer,Tissaia de Vries
Geralt,Yennefer
Yennefer,Tissaia de Vries
Yennefer,Tissaia de Vries
Yennefer,Tissaia de Vries
Tissaia de Vries,Vilgefortz
Vilgefortz,Yennefer
Yennefer,Geralt
Vilgefortz,Yennefer
Yennefer,Geralt
Vilgefortz,Yennefer
Yennefer,Geralt
Geralt,Tissaia
Yennefer,Geralt
Geralt,Tissaia
Yennefer,Geralt
Geralt,Tissaia
Yennefer,Geralt
Geralt,Tissaia
Tissaia,Geralt
Tissaia,Geralt
Tissaia,Geralt
Geralt,Yennefer
Geralt,Yennefer
Geralt,Yennefer
Shani,Geralt
Shani,Geralt
Shani,Geralt
Shani,Geralt
Geralt,Rience
Geralt,Rience
Geralt,Rience
Geralt,Rience
Geralt,Rience
Rience,Geralt
Geralt,Toublanc Michelet
Geralt,Toublanc Michelet
Geralt,Toublanc Michelet
Toublanc Michelet,Flavius
Geralt,Toublanc Michelet
Toublanc Michelet,Flavius
Toublanc Michelet,Flavius
Toublanc Michelet,Flavius
Shani,Toublanc
Shani,Toublanc
Shani,Toublanc
Shani,Toublanc
Shani,Toublanc
Rience,Geralt
Rience,Geralt
Geralt,Rience
Rience,Geralt
Rience,Geralt
Rience,Geralt
Rience,Geralt
Geralt,Yennefer
Rience,Geralt
Geralt,Yennefer
Geralt,Yennefer
Yennefer,Geralt
Yennefer,Geralt
Geralt,Rience
Geralt,Rience
Geralt,Rience
Rience,Geralt
Rience,Geralt
Rience,Geralt
Rience,Geralt
Geralt,Philippa Eilhart
Philippa Eilhart,Rience
Rience,Geralt
Rience,Geralt
Geralt,Philippa
Geralt,Philippa
Geralt,Philippa
Geralt,Philippa
Geralt,Philippa
Geralt,Shani
Geralt,Shani
Geralt,Shani
Geralt,Shani
Geralt,Shani
Philippa,Rience
Philippa,Rience
Philippa,Rience
Philippa,Rience
Philippa,Rience
Yennefer,Geralt
Geralt,Philippa Eilhart
Geralt,Philippa Eilhart
Geralt,Philippa Eilhart
Geralt,Philippa Eilhart
Philippa Eilhart,Philippa
Geralt,Philippa Eilhart
Philippa Eilhart,Philippa
Philippa,Ciri
Geralt,Philippa Eilhart
Philippa Eilhart,Philippa
Philippa,Ciri
Philippa,Ciri
Philippa,Ciri
Philippa,Ciri
Philippa,Rience
Philippa,Rience
Philippa,Rience
Philippa,Rience
Philippa,Rience
Yennefer,Geralt
Geralt,Philippa Eilhart
Geralt,Philippa Eilhart
Geralt,Philippa Eilhart
Geralt,Philippa Eilhart
Philippa Eilhart,Philippa
Geralt,Philippa Eilhart
Philippa Eilhart,Philippa
Philippa,Ciri
Geralt,Philippa Eilhart
Philippa Eilhart,Philippa
Philippa,Ciri
Philippa,Ciri
Philippa,Ciri
Philippa,Ciri
Tissaia de Vries,Ciri
Tissaia de Vries,Ciri
Eurneid,Ciri
Ciri,Nenneke
Ciri,Nenneke
Ciri,Nenneke
Ciri,Nenneke
Ciri,Nenneke
Eurneid,Ciri
Ciri,Iola the Second
Ciri,Iola the Second
Ciri,Iola the Second
Ciri,Iola the Second
Ciri,Iola the Second
Ciri,Iola the Second
Iola the Second,Eurneid
Ciri,Yennefer
Yennefer,Iola
Yennefer,Iola
Yennefer,Iola
Yennefer,Iola
Iola,Ciri
Yennefer,Iola
Iola,Ciri
Iola,Ciri
Ciri,Eurneid
Ciri,Eurneid
Ciri,Eurneid
Ciri,Eurneid
Ciri,Vesemir
Ciri,Vesemir
Vesemir,Yarpen Zigrin
Vesemir,Yarpen Zigrin
Vesemir,Yarpen Zigrin
Vesemir,Yarpen Zigrin
Vesemir,Yarpen Zigrin
Jarre,Nenneke
Nenneke,Ciri
Nenneke,Ciri
Nenneke,Ciri
Ciri,Jarre
Nenneke,Ciri
Ciri,Jarre
Nenneke,Ciri
Ciri,Jarre
Jarre,Ciri
Ciri,Nenneke
Nenneke,Jarre
Ciri,Jarre
Jarre,Ciri
Ciri,Nenneke
Nenneke,Jarre
Jarre,Ciri
Ciri,Nenneke
Nenneke,Jarre
Jarre,Ciri
Ciri,Nenneke
Nenneke,Jarre
Ciri,Nenneke
Nenneke,Jarre
Ciri,Nenneke
Nenneke,Jarre
Jarre,Ciri
Jarre,Ciri
Ciri,Jarre
Jarre,Ciri
Ciri,Jarre
Ciri,Jarre
Jarre,Ciri
Ciri,Jarre
Ciri,Jarre
Jarre,Ciri
Ciri,Jarre
Ciri,Jarre
Jarre,Ciri
Ciri,Jarre
Jarre,Ciri
Ciri,Jarre
Ciri,Jarre
Ciri,Jarre
Jarre,Ciri
Jarre,Ciri
Ciri,Jarre
Jarre,Ciri
Ciri,Jarre
Jarre,Ciri
Ciri,Jarre
Ciri,Jarre
Ciri,Jarre
Jarre,Bronibor
Jarre,Bronibor
Jarre,Bronibor
Jarre,Bronibor
Bronibor,Ciri
Jarre,Bronibor
Bronibor,Ciri
Bronibor,Ciri
Ciri,Jarre
Ciri,Jarre
Ciri,Jarre
Ciri,Jarre
Ciri,Jarre
Ciri,Jarre
Ciri,Jarre
Ciri,Jarre
Ciri,Jarre
Ciri,Jarre
Ciri,Jarre
Ciri,Jarre
Jarre,Yennefer
Jarre,Yennefer
Jarre,Ciri
Jarre,Ciri
Ciri,Geralt
Geralt,Jarre
Geralt,Jarre
Geralt,Jarre
Geralt,Jarre
Geralt,Jarre
Ciri,Jarre
Ciri,Jarre
Ciri,Jarre
Ciri,Jarre
Jarre,Ciri
Ciri,Yennefer
Yennefer,Jarre
Yennefer,Jarre
Yennefer,Jarre
Jarre,Yennefer
Yennefer,Jarre
Jarre,Yennefer
Yennefer,Jarre
Jarre,Yennefer
Yennefer,Geralt
Jarre,Yennefer
Yennefer,Geralt
Yennefer,Geralt
Yennefer,Geralt
Jarre,Yennefer
Jarre,Yennefer
Jarre,Yennefer
Yennefer,Ciri
Jarre,Yennefer
Yennefer,Ciri
Ciri,Yennefer
Yennefer,Ciri
Ciri,Yennefer
Yennefer,Ciri
Ciri,Yennefer
Ciri,Yennefer
Yennefer,Nenneke
Ciri,Yennefer
Yennefer,Nenneke
Yennefer,Nenneke
Nenneke,Jarre
Nenneke,Jarre
Jarre,Ciri
Nenneke,Jarre
Jarre,Ciri
Jarre,Ciri
Jarre,Ciri
Jarre,Ciri
Yennefer,Ciri
Yennefer,Ciri
Yennefer,Ciri
Yennefer,Ciri
Yennefer,Ciri
Yennefer,Ciri
Ciri,Jarre
Ciri,Jarre
Jarre,Ciri
Jarre,Ciri
Jarre,Ciri
Jarre,Ciri
Ciri,Jarre
Jarre,Ciri
Ciri,Jarre
Jarre,Ciri
Ciri,Jarre
Jarre,Ciri
Ciri,Yennefer
Ciri,Yennefer
Ciri,Yennefer
Ciri,Yennefer
Ciri,Yennefer
Yennefer,Ciri
Ciri,Hrosvitha
Ciri,Hrosvitha
Hrosvitha,Ciri
Hrosvitha,Ciri
Ciri,Nenneke
Hrosvitha,Ciri
Ciri,Nenneke
Ciri,Nenneke
Ciri,Nenneke
Ciri,Nenneke
Nenneke,Yennefer
Nenneke,Yennefer
Yennefer,Nenneke
Yennefer,Nenneke
Yennefer,Nenneke
Nenneke,Ciri
Nenneke,Ciri
Nenneke,Ciri
Nenneke,Ciri
Ciri,Yennefer
Ciri,Yennefer
Ciri,Yennefer
Ciri,Yennefer
Yennefer,Nenneke
Ciri,Yennefer
Yennefer,Nenneke
Yennefer,Nenneke
Ciri,Yennefer
Ciri,Yennefer
Yennefer,Ciri
Ciri,Yennefer
Yennefer,Ciri
Yennefer,Ciri
Yennefer,Ciri
Ciri,Yennefer
Yennefer,Ciri
Ciri,Yennefer
Ciri,Yennefer
Ciri,Yennefer
Ciri,Yennefer
Ciri,Yennefer
Ciri,Yennefer
Ciri,Yennefer
Yennefer,Nenneke
Ciri,Yennefer
Ciri,Yennefer
Ciri,Yennefer
Yennefer,Ciri
Ciri,Nenneke
Yennefer,Ciri
Ciri,Nenneke
Ciri,Nenneke
Ciri,Nenneke
Ciri,Nenneke
Ciri,Nenneke
Nenneke,Ciri
Nenneke,Ciri
Nenneke,Ciri
Nenneke,Ciri
Nenneke,Ciri
Nenneke,Ciri
Yennefer,Nenneke
Yennefer,Nenneke
Yennefer,Nenneke
Yennefer,Ciri
Yennefer,Ciri
Ciri,Yennefer
Yennefer,Ciri
Ciri,Yennefer
Yennefer,Ciri
Ciri,Yennefer
Yennefer,Nenneke
Yennefer,Ciri
Ciri,Yennefer
Yennefer,Nenneke
Ciri,Yennefer
Yennefer,Nenneke
Yennefer,Nenneke
Nenneke,Ciri
Ciri,Yennefer
Ciri,Yennefer
Ciri,Yennefer
Ciri,Yennefer
Geralt,Nenneke
Geralt,Nenneke
Geralt,Nenneke
Geralt,Nenneke
Nenneke,Yennefer
Nenneke,Yennefer
Nenneke,Yennefer
Ciri,Yennefer
Ciri,Yennefer
Ciri,Yennefer
Yennefer,Ciri
Yennefer,Ciri
Yennefer,Ciri
Ciri,Yennefer
Ciri,Yennefer
Ciri,Yennefer
Ciri,Yennefer
Ciri,Yennefer
Ciri,Yennefer
Ciri,Yennefer
Geralt,Yennefer
Geralt,Yennefer
Geralt,Yennefer
Ciri,Yennefer
Ciri,Yennefer
Ciri,Yennefer
Ciri,Yennefer
Ciri,Yennefer
Ciri,Yennefer
Ciri,Yennefer
Yennefer,Ciri
Yennefer,Ciri
Yennefer,Ciri
Yennefer,Ciri
Yennefer,Ciri
Yennefer,Ciri
Nenneke,Geralt
Nenneke,Geralt
Nenneke,Geralt
Nenneke,Geralt
Geralt,Yennefer
Eurneid,Ciri
Ciri,Yennefer
Ciri,Yennefer
Ciri,Yennefer
Yennefer,Ciri
Yennefer,Ciri
Yennefer,Ciri
Yennefer,Ciri
Ciri,Yennefer
Ciri,Yennefer
Ciri,Yennefer
Ciri,Yennefer
Ciri,Yennefer
Yennefer,Ciri
Yennefer,Ciri
Yennefer,Ciri
Ciri,Yennefer
Ciri,Yennefer
Ciri,Yennefer
Ciri,Yennefer
Ciri,Yennefer
Ciri,Yennefer
Ciri,Yennefer
Ciri,Yennefer
Ciri,Yennefer
Yennefer,Ciri
Yennefer,Ciri
Yennefer,Ciri
Yennefer,Ciri
Ciri,Nenneke
Nenneke,Hrosvitha
Yennefer,Ciri
Ciri,Nenneke
Nenneke,Hrosvitha
Hrosvitha,Yennefer
Yennefer,Ciri
Ciri,Nenneke
Nenneke,Hrosvitha
Hrosvitha,Yennefer
Yennefer,Ciri
Ciri,Nenneke
Nenneke,Hrosvitha
Hrosvitha,Yennefer
Ciri,Nenneke
Nenneke,Hrosvitha
Hrosvitha,Yennefer
Ciri,Nenneke
Nenneke,Hrosvitha
Hrosvitha,Yennefer
Yennefer,Ciri
Yennefer,Ciri
Yennefer,Ciri
Ciri,Nenneke
Ciri,Nenneke
Ciri,Nenneke
Ciri,Nenneke
Ciri,Nenneke
Ciri,Nenneke
Yennefer,Ciri
Yennefer,Ciri
Yennefer,Ciri
Ciri,Yennefer
Ciri,Yennefer
Ciri,Yennefer
Ciri,Yennefer
Ciri,Yennefer
Ciri,Yennefer
Yennefer,Nenneke
Nenneke,Ciri
Yennefer,Nenneke
Nenneke,Ciri
Ciri,Yennefer
Yennefer,Nenneke
Nenneke,Ciri
Ciri,Yennefer
Yennefer,Nenneke
Nenneke,Ciri
Ciri,Yennefer
Yennefer,Nenneke
Nenneke,Ciri
Ciri,Yennefer
Nenneke,Ciri
Ciri,Yennefer
Ciri,Yennefer
Anna Tiller,Essi Daven
Anna Tiller,Essi Daven
Anna Tiller,Essi Daven
Anna Tiller,Essi Daven
Essi Daven,Yennefer
Essi Daven,Yennefer
Yennefer,Ciri
Yennefer,Ciri
Ciri,Geralt
Yennefer,Ciri
Ciri,Geralt
Yennefer,Ciri
Ciri,Geralt
Geralt,Nenneke
Nenneke,Ciri
Ciri,Geralt
Geralt,Nenneke
Nenneke,Ciri
Ciri,Geralt
Geralt,Nenneke
Nenneke,Ciri
Ciri,Yennefer
Geralt,Nenneke
Nenneke,Ciri
Ciri,Yennefer
Geralt,Nenneke
Nenneke,Ciri
Ciri,Yennefer
Nenneke,Ciri
Ciri,Yennefer
Yennefer,Ciri
Yennefer,Ciri
Yennefer,Ciri
Yennefer,Ciri
Ciri,Geralt of Rivia
Ciri,Geralt of Rivia
Ciri,Geralt of Rivia
Geralt of Rivia,Geralt
Geralt of Rivia,Geralt
Geralt of Rivia,Geralt
Geralt,Yennefer
Geralt of Rivia,Geralt
Geralt,Yennefer
Geralt,Yennefer
Geralt,Yennefer
Yennefer,Ciri
Yennefer,Ciri
Yennefer,Ciri
Ciri,Geralt
Yennefer,Ciri
Ciri,Geralt
Yennefer,Ciri
Ciri,Geralt
Ciri,Geralt
Yennefer,Ciri
Yennefer,Ciri
Yennefer,Ciri
Crach,Calanthe
Crach,Calanthe
Crach,Calanthe
Crach,Calanthe
Pavetta,Ciri
Pavetta,Ciri
Pavetta,Ciri
Pavetta,Ciri
Pavetta,Ciri
Ciri,Yennefer
Ciri,Yennefer
Ciri,Yennefer
Ciri,Yennefer
Ciri,Yennefer
Ciri,Yennefer
Geralt,Yennefer
Geralt,Yennefer
Geralt,Yennefer
Nenneke,Yennefer
Yennefer,Ciri
Nenneke,Yennefer
Yennefer,Ciri
Nenneke,Yennefer
Yennefer,Ciri
Ciri,Francesca
Nenneke,Yennefer
Yennefer,Ciri
Ciri,Francesca
Yennefer,Ciri
Ciri,Francesca
Yennefer,Ciri
Ciri,Francesca
Francesca,Ciri
Francesca,Ciri
Francesca,Ciri
Yennefer,Nenneke
Yennefer,Nenneke
Nenneke,Ciri
Yennefer,Nenneke
Nenneke,Ciri
Ciri,Yennefer
Yennefer,Nenneke
Nenneke,Ciri
Ciri,Yennefer
Yennefer,Ciri
Yennefer,Nenneke
Nenneke,Ciri
Ciri,Yennefer
Yennefer,Ciri
Yennefer,Nenneke
Nenneke,Ciri
Ciri,Yennefer
Yennefer,Ciri
Ciri,Yennefer
Ciri,Yennefer
Yennefer,Ciri
Ciri,Yennefer
Yennefer,Ciri
Ciri,Yennefer
Ciri,Yennefer
Yennefer,Ciri
Ciri,Aine
Ciri,Aine
Ciri,Aine
Ciri,Aine
Yennefer,Nenneke
Nenneke,Ciri
Yennefer,Nenneke
Nenneke,Ciri
Yennefer,Nenneke
Nenneke,Ciri
Yennefer,Nenneke
Nenneke,Ciri
Yennefer,Nenneke
Nenneke,Ciri
Yennefer,Nenneke
Nenneke,Ciri
Ciri,Vesemir
Vesemir,Lambert
Vesemir,Lambert
Lambert,Yennefer
Vesemir,Lambert
Lambert,Yennefer
Yennefer,Ciri
Vesemir,Lambert
Lambert,Yennefer
Yennefer,Ciri
Ciri,Yennefer
Yennefer,Ciri
Vesemir,Lambert
Lambert,Yennefer
Yennefer,Ciri
Ciri,Yennefer
Yennefer,Ciri
Lambert,Yennefer
Yennefer,Ciri
Ciri,Yennefer
Yennefer,Ciri
Yennefer,Ciri
Ciri,Yennefer
Yennefer,Ciri
Ciri,Yennefer
Yennefer,Ciri
Yennefer,Ciri
Ciri,Yennefer
Ciri,Yennefer
Yennefer,Ciri
Yennefer,Ciri
Yennefer,Ciri
Yennefer,Ciri
Nenneke,Yennefer
Yennefer,Nenneke
Yennefer,Nenneke
Yennefer,Nenneke
Yennefer,Nenneke
Nenneke,Ciri
Yennefer,Nenneke
Nenneke,Ciri
Yennefer,Nenneke
Nenneke,Ciri
Ciri,Geralt
Ciri,Geralt
Ciri,Geralt
Ciri,Geralt
Ciri,Geralt
Nenneke,Yennefer
Nenneke,Yennefer
Yennefer,Nenneke
Nenneke,Yennefer
Yennefer,Nenneke
Nenneke,Yennefer
Yennefer,Nenneke
Nenneke,Yennefer
Yennefer,Nenneke
Nenneke,Ciri
Yennefer,Nenneke
Nenneke,Ciri
Nenneke,Ciri
Ciri,Yennefer
Ciri,Yennefer
Yennefer,Nenneke
Yennefer,Nenneke
Nenneke,Ithlinne
Ithlinne,Aevenien
Nenneke,Ithlinne
Ithlinne,Aevenien
Nenneke,Ithlinne
Ithlinne,Aevenien
Ithlinne,Aevenien
Aevenien,Yennefer
Ithlinne,Aevenien
Aevenien,Yennefer
Ithlinne,Aevenien
Aevenien,Yennefer
Yennefer,Ciri
Yennefer,Ciri
Ciri,Til
Yennefer,Ciri
Ciri,Til
Yennefer,Ciri
Ciri,Til
Ciri,Til
Ciri,Til
